id,Domain,Status,Attractiveness,Demand,Length,Registrar,Created,Expires
bda6d256-cc66-4202-8521-0ac8a044dadc,art.ac,resell,90,41,3,Porkbun LLC,08/10/2024 15:15,08/10/2026 15:15
2fc83231-4a85-4a49-b4fd-405d6f3e540e,art.academy,resell,90,41,3,Dynadot Inc,27/10/2020 08:08,27/10/2026 08:08
cc2d1183-6a9b-4a99-8c50-b6c0dceacba8,art.accountant,premium,90,41,3,,,
732c730e-0b1b-4302-9f05-330b9134b163,art.accountants,available,90,41,3,,,
3a5d9964-24e1-4154-9bef-7fe63722f56b,art.actor,premium,90,41,3,,,
84b8cac0-d044-4c33-9ef0-f125719a10cd,art.adult,resell,90,41,3,"Name.com, Inc.",09/06/2017 14:31,09/06/2026 14:31
4345c3a8-7c8b-423a-b8e0-d810912e5b5f,art.agency,resell,90,41,3,GoDaddy Online Services Cayman Islands Ltd.,24/06/2015 16:00,24/06/2033 16:00
a854e775-44c4-4f20-b50a-848ccb50cf1a,art.ai,resell,90,41,3,Dynadot Inc,16/12/2017 01:09,16/05/2033 01:09
e496d6d1-ddaf-4e33-80e9-35b58f66c453,art.airforce,available,90,41,3,,,
6ca92ef8-5be3-4380-88b5-cb705ddf12a1,art.apartments,premium,90,41,3,,,
8967ba5b-291f-4def-98b2-fd09f891b619,art.app,resell,90,41,3,"GoDaddy.com, LLC",18/07/2019 11:44,18/07/2026 11:44
994ac86f-d07c-44d5-b9a8-b528834dc3cb,art.asia,premium,90,41,3,,,
45addcae-fb52-4135-b3e8-4ce6fb1e2991,art.associates,premium,90,41,3,,,
b967a40d-c748-483b-9f2a-211ade00195f,art.at,premium,90,41,3,,,
bc77128d-9d8b-43e2-8bda-9880105e9187,art.attorney,premium,90,41,3,,,
cd2206dc-9dbd-411a-9894-fee22e5596e1,art.auction,premium,90,41,3,,,
a4157a7f-3d86-4485-acc4-547769265869,art.audio,sold,90,41,3,1API GmbH,23/09/2024 14:56,23/09/2026 23:59
d1dfb173-0208-4ecd-a56e-cea0cb5c0e96,art.auto,available,90,41,3,,,
06482180-4cdd-438f-b868-6007bede782b,art.autos,premium,90,41,3,,,
5b01ee5c-be8c-4659-8b8b-00e1000ea9b6,art.baby,premium,90,41,3,,,
ff43f3e4-7761-4764-ac60-12ee6ce27cf2,art.band,resell,90,41,3,"Sav.com, LLC",21/01/2021 07:13,21/01/2026 07:13
750ce2e6-069c-4a25-a14d-ca848ea07bfe,art.bar,premium,90,41,3,,,
fc8adc93-cba6-42d8-8ca6-5316e11b67ca,art.bargains,premium,90,41,3,,,
e381da55-86d7-4251-8d97-316ff0454dab,art.bayern,premium,90,41,3,,,
96b10f18-b8b8-4f14-81e5-6b40d36e84d2,art.beauty,premium,90,41,3,,,
104bf56c-c671-497d-a761-c39936b6dcbd,art.beer,premium,90,41,3,,,
c2cc1708-52d3-4735-8fe2-0f8cb2d9a2ef,art.best,resell,90,41,3,Dynadot LLC,06/01/2019 10:44,06/01/2027 23:59
2479ea0d-09cd-45cd-b3f9-d75038031b1d,art.bet,resell,90,41,3,Dynadot Inc,03/03/2016 16:00,03/03/2026 16:00
b4f45312-62a3-4687-a7b7-3ed954a591dd,art.blackfriday,premium,90,41,3,,,
101d6ee5-042e-4fba-b5c3-adafa4dec8f5,art.boats,premium,90,41,3,,,
a993e687-5332-4179-a6dc-5970fccc9ac2,art.boo,premium,90,41,3,,,
44915a7a-a922-40f1-88f2-f1d8431b218b,art.boston,premium,90,41,3,,,
3aec30be-1b89-41f5-8fee-89fccaa8fb36,art.bot,premium,90,41,3,,,
ae7dcf5d-b0cc-4a3b-b2f2-80b49f5fad33,art.boutique,sold,90,41,3,1API GmbH,27/04/2014 16:00,27/04/2026 16:00
21814205-5980-4ced-9582-6dfcc795bf9d,art.builders,resell,90,41,3,"Spaceship, Inc.",14/04/2019 07:57,14/04/2026 07:57
774a9c70-2bce-4403-9cc0-3fee335735f8,art.business,resell,90,41,3,Porkbun LLC,10/12/2014 12:00,10/12/2026 12:00
dc0386d1-0c67-408f-8aa5-ffb3b321c815,art.buzz,expired,90,41,3,Dot Strategy Co,15/08/2017 14:25,15/08/2025 14:25
ff6743ab-92bb-45e8-9eee-a775c1e11d1c,art.camp,resell,90,41,3,"GoDaddy.com, LLC",18/04/2015 22:12,18/04/2026 22:12
8c7d1e4a-05f3-43ed-8e24-ff224b240a42,art.car,available,90,41,3,,,
5dc3becb-b2c7-45cb-a007-50b5a0a489d5,art.care,premium,90,41,3,,,
9c4bfe75-6c96-4941-ac01-cea19f5fec75,art.careers,premium,90,41,3,,,
a10a4c78-650d-41ed-9bba-f9ec0d9e9438,art.cars,available,90,41,3,,,
2b43bd06-cfe1-42ba-864a-7725c9454425,art.casa,resell,90,41,3,"GoDaddy.com, LLC",08/09/2021 01:08,08/09/2026 01:08
181714c8-549e-4e0f-9e7d-3d2650d1ec5c,art.catering,premium,90,41,3,,,
3f66ab62-b536-47b5-a2ff-8ce9fd07023f,art.center,resell,90,41,3,"Xiamen ChinaSource Internet Service Co., Ltd",23/11/2022 15:15,23/11/2025 15:15
7e070fd4-7ea8-42fe-a4a5-c116812a34c6,art.ceo,expired,90,41,3,"Sav.com, LLC",28/09/2024 15:55,28/09/2025 23:59
15af2ca5-915d-4346-ba39-076cbbcab53a,art.charity,premium,90,41,3,,,
029e3344-2c9a-4823-8ce4-ad9cdd7321b9,art.chat,sold,90,41,3,Dynadot Inc,17/01/2019 01:28,17/01/2026 01:28
cd279e98-8329-44d7-9c8f-c251b464e325,art.cheap,premium,90,41,3,,,
40a7acca-ba8d-4885-81f4-ba8cd27e600b,art.christmas,premium,90,41,3,,,
2c1d717e-5a1a-4e98-b843-05db4ead1faa,art.city,resell,90,41,3,"Sav.com, LLC",21/04/2023 23:06,21/04/2026 23:06
c8387de0-0d94-4d55-be74-be5158f280d1,art.cleaning,premium,90,41,3,,,
a2b4c64a-283d-4a84-8428-d4de14fa5dbe,art.click,resell,90,41,3,1API GmbH,25/11/2014 16:00,25/11/2034 16:00
339317b1-3913-4953-995c-1060a708289b,art.clothing,resell,90,41,3,"GoDaddy.com, LLC",26/10/2015 17:46,26/10/2026 17:46
dc5f8f9b-ed24-43f0-b299-34aba00b2111,art.cloud,premium,90,41,3,,,
421b4d12-825c-4c1e-be47-488225df826b,art.codes,sold,90,41,3,INWX GmbH,07/11/2025 09:59,07/11/2026 09:59
ca23fd04-dc44-4e46-b4a8-689b5d6eebb0,art.college,premium,90,41,3,,,
ac411337-8256-46dd-9e63-ee99b675bcea,art.company,resell,90,41,3,Dynadot Inc,09/09/2017 08:16,09/09/2026 08:16
9f64171d-8467-41be-8732-e31176c39bd0,art.computer,expiring,90,41,3,Dynadot Inc,07/01/2019 19:08,07/01/2026 19:08
e0a7fba0-5cb9-44a4-82f7-c1010315a932,art.condos,premium,90,41,3,,,
dd42d92e-6f88-4fed-8eb8-cf74fb485b66,art.construction,premium,90,41,3,,,
e6988778-6fab-4d46-aaeb-2e58c6214f03,art.consulting,premium,90,41,3,,,
793659db-8cbe-41a0-b646-b47fc6a24a90,art.contractors,premium,90,41,3,,,
abd2dbf5-bbb9-4842-a684-13e2d3404cdc,art.cooking,premium,90,41,3,,,
8da32bed-73aa-4851-a32e-d1e2d070b868,art.country,premium,90,41,3,,,
1861377d-95d5-4930-a241-06e9052b1b23,art.coupons,premium,90,41,3,,,
69a590f0-510d-4e17-a51b-1da569f44712,art.courses,premium,90,41,3,,,
b4399e07-06c6-4d8a-8d5d-7842e1b267e7,art.credit,resell,90,41,3,"Sav.com, LLC",24/09/2025 10:29,24/09/2026 10:29
182a77c3-686b-41c2-99d0-7857079f6bf8,art.creditcard,sold,90,41,3,Dynadot Inc,10/09/2025 20:28,10/09/2026 20:28
a499fe7d-29de-4c35-985f-a4884bfe4f01,art.cricket,premium,90,41,3,,,
6949fba4-ed8c-48a6-9df4-76959e0ff461,art.cv,premium,90,41,3,,,
0c32af8f-2971-4dda-992d-a010eeca14aa,art.cyou,premium,90,41,3,,,
321d6286-b96c-4aa3-be76-a8b782ec5ff0,art.dad,premium,90,41,3,,,
1abcce59-1d8a-4924-844c-a738f56307ac,art.dance,premium,90,41,3,,,
015debb2-2e21-495f-8894-76b9d8278147,art.date,premium,90,41,3,,,
e23b0ed6-22bf-4aa9-a2d9-d4ab51f36a9f,art.day,premium,90,41,3,,,
dd435a8a-c8fc-414a-9e1b-3ccc3810cc82,art.deal,premium,90,41,3,,,
588138bd-7b43-473c-85f9-9afda8abe457,art.deals,sold,90,41,3,Dynadot Inc,28/09/2014 16:00,28/09/2026 16:00
d733e012-68af-445f-a736-9c02492f62af,art.degree,premium,90,41,3,,,
3b84ca4b-4253-41f0-be41-2ce797cc470a,art.democrat,available,90,41,3,,,
a495cdc5-16c3-4a02-a393-5faf73ddd353,art.dentist,premium,90,41,3,,,
85216eec-1631-420e-a6ae-bd9a784e91b2,art.design,resell,90,41,3,Go France Domains Inc,12/05/2015 14:00,12/05/2026 23:59
e09d8fc9-2c55-4f21-818b-ecdfad882448,art.diamonds,available,90,41,3,,,
71a72427-6fc2-4842-92e7-ee637184a5c9,art.diet,premium,90,41,3,,,
88c8122c-5ee6-431d-9c06-36e8e7b73736,art.digital,sold,90,41,3,1API GmbH,17/06/2015 16:00,17/06/2026 16:00
6b1b3bba-92cf-41c3-804a-5680b3158b78,art.directory,resell,90,41,3,"NameSilo, LLC",30/08/2020 20:45,30/08/2026 20:45
92e55b64-0841-4596-9b3f-2966f9929b14,art.diy,premium,90,41,3,,,
00af9763-aa42-4757-a62a-af1ed4080085,art.doctor,resell,90,41,3,"Sav.com, LLC - 35",12/09/2025 17:00,12/09/2026 17:00
86e68952-0673-4a07-8192-fc2cd0e88a60,art.domains,resell,90,41,3,"GoDaddy.com, LLC",26/10/2015 18:47,26/10/2026 18:47
89b86da4-f8b5-4390-9a54-28eedac0630f,art.download,premium,90,41,3,,,
1080c637-721e-4959-beaa-e829a308f271,art.energy,premium,90,41,3,,,
dd1ffca6-8514-4be0-ab02-b5a46f88598d,art.enterprises,resell,90,41,3,"Spaceship, Inc.",19/10/2022 13:15,19/10/2025 13:15
395f3327-d5e0-4cc3-9b46-ad8d4a0247fa,art.equipment,premium,90,41,3,,,
03dad80a-db2a-4f84-8070-e6ff38be1e7f,art.esq,premium,90,41,3,,,
9aa86e76-3af5-4550-928c-2d51cf2ed399,art.estate,resell,90,41,3,Porkbun LLC,28/05/2025 11:06,28/05/2026 11:06
6ca0374b-0f66-4161-a7d6-995c70f606a4,art.eu,sold,90,41,3,Name: CSC CORPORATE DOMAINS INC. Website: https://www.cscdbs.com,,
45050ec4-c915-4d7d-ad3a-637c6c6ab5da,art.exchange,expiring,90,41,3,"Sav.com, LLC - 15",14/01/2024 15:15,14/01/2026 15:15
4917ab11-2216-43af-a4f7-036a1ede1ae7,art.expert,premium,90,41,3,,,
c5866f06-a0e6-4a89-a46b-f7b2deac61dd,art.exposed,premium,90,41,3,,,
1239c219-fa1f-490e-9446-17cdfaeaae35,art.express,expiring,90,41,3,Dynadot Inc,05/01/2018 08:07,05/01/2026 08:07
987691e3-3de6-4227-ba15-bdf54404db4e,art.faith,premium,90,41,3,,,
89c28687-4a57-48cf-9c25-ce7bb147c69f,art.fast,premium,90,41,3,,,
6a5c97a6-3a02-4bd3-9245-8466d8ae7051,art.film,premium,90,41,3,,,
c8527f1b-65ce-4b2c-8b0a-34731acd3e5d,art.financial,resell,90,41,3,Porkbun LLC,09/05/2025 21:17,09/05/2026 21:17
e9e82262-e4e6-48bc-8502-5aff1649df7a,art.fish,resell,90,41,3,101domain GRS Limited,23/03/2015 13:29,23/03/2026 13:29
2ba5e895-f701-4a53-8c8c-551b2eebc306,art.fitness,resell,90,41,3,"Sav.com, LLC - 18",07/03/2023 15:15,07/03/2026 15:15
5d45c6ab-ef05-42dd-ab15-d70ee12d4c46,art.flights,premium,90,41,3,,,
9c7fbfac-784f-4448-bd0f-8530d291ff80,art.florist,premium,90,41,3,,,
06e652fc-7887-437b-bb6d-4787d1d6addc,art.flowers,premium,90,41,3,,,
03e08b46-179a-4ef9-b01b-cd19d6dc166b,art.fm,expiring,90,41,3,Instra Corporation Pty Ltd,15/12/2017 23:04,15/12/2025 23:59
56fb9119-a4b8-4342-8637-51b8529c7634,art.foo,premium,90,41,3,,,
1c1078cd-6dd1-4f4c-a424-a016395821de,art.food,premium,90,41,3,,,
d25ae57a-e9f7-4bef-ade3-d0c6d5a564b2,art.forsale,premium,90,41,3,,,
7c4ccf2f-ecdf-49ff-8019-91da0233a787,art.foundation,resell,90,41,3,Porkbun LLC,04/10/2020 12:06,04/10/2026 12:06
2055cae9-f4c4-4f53-b67b-5d644eb9da9b,art.free,premium,90,41,3,,,
a8142da4-d785-423d-920d-a9db7aee9590,art.futbol,available,90,41,3,,,
c1b1bc2f-9e40-4b6f-991a-3a92ad4be858,art.gallery,resell,90,41,3,1API GmbH,11/06/2015 16:00,11/06/2026 16:00
bd5603a6-e2d2-4eef-96ee-b6a1d6b89e64,art.garden,resell,90,41,3,Dynadot Inc,23/04/2021 16:02,23/04/2026 16:02
618cbbfe-84e8-4f55-b293-d704c13b75da,art.gay,premium,90,41,3,,,
a8e393c0-6287-4b58-be62-aaf7f7a42406,art.gift,premium,90,41,3,,,
b77f112d-81f7-428a-8184-b673e7d58c9b,art.gives,premium,90,41,3,,,
bba0e445-8df1-4944-a692-481ceb15c838,art.giving,premium,90,41,3,,,
9040c6ed-1f7b-4b97-8db9-3d8074d38785,art.glass,sold,90,41,3,"GoDaddy.com, LLC",12/08/2015 14:37,12/08/2026 14:37
65d7be05-44c4-4f64-9e4e-f1becec04b4f,art.graphics,sold,90,41,3,Porkbun LLC,14/09/2018 09:54,14/09/2026 09:54
dddcad2e-79b7-404d-a399-4b7f27ae2107,art.gratis,premium,90,41,3,,,
9a59c4ac-c3e8-4c25-8bc9-c3ee0f1c1a32,art.green,premium,90,41,3,,,
266cb920-542e-4036-a20d-377c6869fd62,art.group,resell,90,41,3,Alibaba Cloud Computing Ltd. d/b/a HiChina (www.net.cn),26/08/2019 03:27,26/08/2026 03:27
bd9905d7-ebe2-49a3-b55c-ca96eac25689,art.guitars,available,90,41,3,,,
ceb0632c-ba8a-4b38-a262-a2fbd5f679de,art.guru,sold,90,41,3,Dynadot Inc,15/07/2015 16:00,15/07/2026 16:00
609c66ff-15e8-4a1e-9bff-2a73d33a5314,art.hair,premium,90,41,3,,,
500628b6-b21e-4af6-aa7b-ecdca7d8ea00,art.healthcare,premium,90,41,3,,,
603365ac-d136-48ed-a374-64c5ea6c2452,art.help,premium,90,41,3,,,
28732b3c-4bc3-4116-ba57-068b41b73a22,art.hiphop,premium,90,41,3,,,
c60e498c-7209-4abd-9015-47fbd31e6a9f,art.hiv,premium,90,41,3,,,
eaa73be1-a198-48a6-84bc-dad41e48affc,art.hockey,available,90,41,3,,,
3e83b292-66a4-45d9-945e-97c1078df02a,art.homes,premium,90,41,3,,,
ee39a968-eb2f-4666-8638-38f1ceb861e2,art.hospital,available,90,41,3,,,
b4863424-2828-44fa-b9fa-df105cae0b93,art.host,premium,90,41,3,,,
55351722-340d-492a-9b8a-9785f656789a,art.hot,premium,90,41,3,,,
fe848d61-4eef-4a8a-96a2-ba40e8986c1b,art.how,premium,90,41,3,,,
9e438a03-2c26-4460-9e67-47f5bfe77a69,art.im,premium,90,41,3,,,
49235490-b376-40b8-97a4-09b0618eee11,art.immobilien,available,90,41,3,,,
51686876-8269-441a-b34f-2cfedf0307fb,art.industries,premium,90,41,3,,,
5b655497-91a3-4e52-b6ff-39a66de6af38,art.ing,premium,90,41,3,,,
2e96d667-513c-49e1-a206-b82cec8c5819,art.institute,resell,90,41,3,Porkbun LLC,12/07/2015 16:00,12/07/2026 16:00
64339f5d-053d-47f2-8e17-0d81bbb7c77c,art.insure,premium,90,41,3,,,
45db6103-c6ad-4056-9312-fa582e69b22c,art.international,sold,90,41,3,1API GmbH,22/06/2015 17:38,22/06/2026 17:38
061b041e-f844-45fc-aeb5-5b9ca75df8f4,art.juegos,available,90,41,3,,,
659bc6b2-0eba-4133-aed0-54b6d969f3e5,art.kids,premium,90,41,3,,,
97ab822f-f871-4583-a3b8-4b7acb610a19,art.kim,resell,90,41,3,"Spaceship, Inc.",05/10/2021 14:31,05/10/2026 14:31
a6e43fca-a804-4181-a773-d3becc31a006,art.kitchen,sold,90,41,3,"Global Domains International, Inc. DBA DomainCostClub.com",19/10/2025 15:16,19/10/2026 15:16
123bb9c6-ce34-4b61-a522-73984d3f4303,art.la,resell,90,41,3,West263 International Limited,22/04/2014 05:07,22/04/2026 23:59
d5f23d75-7ca0-4cd9-925d-03d9b588e530,art.lat,resell,90,41,3,101domain GRS Limited,01/08/2015 05:07,01/08/2026 23:59
dbe4cc08-db0f-4d76-b3d2-d06090841c3b,art.lawyer,premium,90,41,3,,,
88bac272-75d2-496e-8a5b-3b19045c47df,art.legal,resell,90,41,3,"Spaceship, Inc.",23/04/2015 22:17,23/04/2026 22:17
3a4dc4eb-6ff1-45ba-ae61-3bc33bd43436,art.lgbt,resell,90,41,3,"Sav.com, LLC - 20",30/10/2025 15:16,30/10/2026 15:16
9f8c3f7e-dac0-4182-94bd-723d4410f235,art.lifestyle,premium,90,41,3,,,
f46061d5-677b-475d-a237-849f0a1783ff,art.lighting,premium,90,41,3,,,
1473ea46-d575-47d5-b3db-9b66762d4c29,art.limited,premium,90,41,3,,,
e2b82e68-9eee-41db-a5c8-86a04373f13a,art.limo,resell,90,41,3,"Sav.com, LLC",06/07/2025 17:40,06/07/2026 17:40
955e8787-b825-4d55-a35a-cd58bc36e1ad,art.link,resell,90,41,3,"Global Domains International, Inc.",27/07/2017 00:33,27/07/2026 00:33
e7a8e226-f3fd-4762-92fe-03eee9175570,art.live,sold,90,41,3,"Name.com, Inc.",21/09/2023 19:46,21/09/2026 19:46
d11c4ffb-7d17-41cc-aad4-5281397db16b,art.living,premium,90,41,3,,,
28ac6fbc-a028-40e9-a932-9d787b1683f1,art.llc,expiring,90,41,3,"GoDaddy.com, LLC",24/12/2024 06:36,24/12/2025 06:36
727285b0-6473-4d31-af28-6323945a3f78,art.loan,premium,90,41,3,,,
4b41fc26-a940-470b-8646-45c3b2aab2e8,art.loans,sold,90,41,3,"GoDaddy.com, LLC",18/09/2021 19:52,18/09/2026 19:52
36802518-8d92-410b-8e51-2c6734b665ed,art.locker,premium,90,41,3,,,
6ebc4958-b2fe-4ade-a5d0-a5ac74bf5bb7,art.lol,premium,90,41,3,,,
040e779a-cdf4-4da3-8c22-ed41ee998e63,art.london,resell,90,41,3,"Spaceship, Inc.",18/06/2019 15:37,18/06/2026 23:59
6b8cdbb5-5efd-4996-a7d6-929fb4739ed6,art.love,premium,90,41,3,,,
719dd74f-addc-4d7c-ab05-8ac1b9f72602,art.ltda,premium,90,41,3,,,
2a3b6a3f-2971-4f71-8f76-796eda6097b4,art.luxe,premium,90,41,3,,,
afee1672-6628-45b0-85bc-abb51c715f1d,art.luxury,premium,90,41,3,,,
bc502ef2-ca6e-4cc3-977d-94fe20610adb,art.maison,resell,90,41,3,"NameCheap, Inc.",12/09/2025 15:15,12/09/2026 15:15
5b488ae6-485e-4564-a045-519058895755,art.makeup,premium,90,41,3,,,
12d22af1-913d-49dc-8055-45b4a7141113,art.management,resell,90,41,3,Porkbun LLC,11/06/2025 19:24,11/06/2026 19:24
cdefeced-0729-4f16-9476-e568ea47ebe9,art.marketing,sold,90,41,3,Dynadot Inc,21/10/2020 13:02,21/10/2026 13:02
d386abdd-2a31-4cdf-87c8-abec53713729,art.melbourne,sold,90,41,3,"GoDaddy.com, LLC",30/09/2014 04:39,30/09/2026 04:39
560e5f34-1733-4005-8e9e-23a2675ba03a,art.memorial,premium,90,41,3,,,
3145646c-b1d9-4117-a539-61d1e34bd6a8,art.menu,premium,90,41,3,,,
58622e2d-5fce-44c3-ab9f-f977fb5edf5b,art.miami,resell,90,41,3,"GoDaddy.com, LLC",22/10/2017 16:33,22/10/2034 16:33
15e55d46-846d-44e5-b620-9b9b96ab3024,art.moda,resell,90,41,3,"GoDaddy.com, LLC",28/11/2021 13:04,28/11/2026 13:04
b32eb215-be76-42c1-8493-f5d33877fc1f,art.moe,sold,90,41,3,Dynadot Inc,22/07/2014 02:03,21/07/2026 23:59
cc0163cc-0fe6-4a85-a52b-f813792476fd,art.money,resell,90,41,3,"Global Domains International, Inc. DBA DomainCostClub.com",09/06/2025 15:15,09/06/2026 15:15
09b35704-e624-4ae9-bf03-f55aedb0e505,art.mortgage,premium,90,41,3,,,
11ca4cd8-63c0-4da8-b0ad-51572afcba7b,art.motorcycles,premium,90,41,3,,,
52055682-6b21-4a51-893b-444978670207,art.mov,premium,90,41,3,,,
2a4192b5-1592-4f61-be52-649497e9730f,art.music,premium,90,41,3,,,
8de39621-e43c-4b7d-bd75-21d387ca59b4,art.navy,available,90,41,3,,,
cc0f82e9-d969-4eac-a596-fac722c48b15,art.news,expiring,90,41,3,Porkbun LLC,17/12/2023 03:41,17/12/2025 03:41
72f38e9b-ab43-4146-984c-0030d380b66c,art.nexus,premium,90,41,3,,,
f2ca03cb-3510-4bae-a09d-aa00e9a1c0ce,art.observer,sold,90,41,3,NAMECHEAP,03/10/2022 12:33,03/10/2026 12:33
ae1f13eb-f96d-431a-aa62-643f0218bab1,art.ong,premium,90,41,3,,,
12fb3bb3-a673-4728-8428-94824cc2531e,art.onl,premium,90,41,3,,,
81e33543-fda1-445c-a60c-f8331691973b,art.online,premium,90,41,3,,,
c7255ad4-fd6b-4ecf-8f3e-6e6dee8ad089,art.organic,resell,90,41,3,"Sav.com, LLC - 47",15/06/2025 15:16,15/06/2026 15:16
56b242bf-30a5-4925-bde4-c530b17add66,art.osaka,premium,90,41,3,,,
24a3f1a1-663b-43a5-a708-bdadfbd14868,art.party,premium,90,41,3,,,
35c41159-fd3d-4ebc-8d1f-fab40b4b2a73,art.phd,premium,90,41,3,,,
e4481cdb-16d2-4392-82e5-f3ad861c6736,art.pics,expiring,90,41,3,"XYZ.com, LLC",24/12/2024 08:58,24/12/2025 23:59
ea449448-20fd-47a2-827f-1ffedd544557,art.pink,resell,90,41,3,"DNSPod, Inc.",25/09/2021 05:57,25/09/2032 05:57
6cbefb71-be87-4545-97d4-0f547fd8cec2,art.place,sold,90,41,3,Dynadot Inc,01/07/2015 16:00,01/07/2026 16:00
7424da50-11b9-496a-97d5-e4110d9ddc19,art.plumbing,available,90,41,3,,,
c9ed118e-352f-4fd5-8163-bc54696867e2,art.plus,resell,90,41,3,Dynadot Inc,03/08/2020 16:07,03/08/2026 16:07
34ef871e-1f0d-4a79-a86a-41eb651755a2,art.poker,premium,90,41,3,,,
a74503c0-0c43-4fd7-9d93-4f8ae0274ab4,art.porn,resell,90,41,3,"Name.com, Inc.",09/06/2017 14:29,09/06/2026 14:29
1732e864-731e-4356-8193-101c1aa03f65,art.press,premium,90,41,3,,,
964a875f-661b-4aaa-9258-451dd9ce2508,art.productions,premium,90,41,3,,,
b5195006-e659-41d1-bace-b6717c065847,art.promo,premium,90,41,3,,,
702fe7d5-c9aa-4cb7-a503-86c26eaad8e5,art.property,premium,90,41,3,,,
20ab0c78-cef0-4822-8810-1fb938a766bc,art.protection,available,90,41,3,,,
3d7e65f9-a8e5-44cb-a79d-00f6c6b6062c,art.pw,premium,90,41,3,,,
f526fac4-c4b3-49eb-8355-361028ea9930,art.quest,premium,90,41,3,,,
5aa14615-b55d-46e9-926a-3a16296bbc37,art.racing,premium,90,41,3,,,
0cb1474d-df9f-4fcd-b09e-133adf9654eb,art.realty,premium,90,41,3,,,
f0f6f9fa-a2d8-4825-9740-18bf9bad0592,art.recipes,sold,90,41,3,"Global Domains International, Inc. DBA DomainCostClub.com",18/10/2025 15:15,18/10/2026 15:15
4bc9871d-d605-4a50-907d-a2d3d916acbb,art.red,premium,90,41,3,,,
030d7f7e-4d56-49c3-9baa-aac4e901a3c8,art.rehab,premium,90,41,3,,,
0cc5b62e-62cc-4613-9b90-cfd000d3527d,art.reise,premium,90,41,3,,,
46803ea4-4222-4e1b-b578-4647a4cd4dd0,art.reisen,premium,90,41,3,,,
377077c8-7f1f-4c3a-8384-7b5cd83d521a,art.republican,available,90,41,3,,,
bab24de9-e371-4318-8d8f-724cb7906b06,art.rest,premium,90,41,3,,,
65eb2120-f339-423f-b1fb-b740d87fbf4d,art.reviews,premium,90,41,3,,,
19eeec9b-f98a-41c0-8eb6-a1fa37d45fe3,art.rich,available,90,41,3,,,
6673f1a3-56f3-4099-bc07-ec00ff8d15f6,art.rip,premium,90,41,3,,,
c8cc452d-d337-4ede-800c-c01571f50b22,art.rsvp,premium,90,41,3,,,
1069c822-12fa-42eb-b6a2-12b48903f04f,art.sale,premium,90,41,3,,,
2ed3a234-2cc8-42e9-8f76-d4fe486811d6,art.sarl,sold,90,41,3,"Spaceship, Inc.",11/05/2022 17:04,11/05/2026 17:04
3d8b53bf-1c0e-4b5b-9305-3284493abab8,art.science,expiring,90,41,3,Gandi SAS,06/09/2015 16:02,05/09/2025 23:59
2dd67691-7e82-46b1-84da-7eb9f56706ad,art.security,available,90,41,3,,,
483c07ba-9210-4887-982c-f0407639673a,art.services,resell,90,41,3,"Sav.com, LLC - 28",15/03/2023 15:15,15/03/2026 15:15
6f08d637-60b1-4e84-bfe6-beb7af64c704,art.sexy,sold,90,41,3,Porkbun LLC,15/10/2025 21:21,15/10/2026 21:21
36968dd8-a4a7-4e5d-947b-3f7f14366e21,art.shiksha,available,90,41,3,,,
1162bb84-cea8-4210-9bf0-9e8576d6bba0,art.shoes,premium,90,41,3,,,
61b89b30-2a91-4276-adb9-594b0af0b43b,art.shopping,expired,90,41,3,united-domains GmbH,28/09/2016 16:00,28/09/2025 16:00
a74f6a94-1930-44ce-82bc-a28a29ff9b33,art.singles,premium,90,41,3,,,
2ee2d579-92f9-4368-9c9c-b3f478916cb9,art.site,premium,90,41,3,,,
d2779d49-0cb2-4b47-91f7-9e9992b0f451,art.ski,premium,90,41,3,,,
942a1580-0be9-4086-89bc-db6a95d4ba33,art.skin,premium,90,41,3,,,
18040206-6de9-401a-af44-cae4e9f08017,art.soccer,available,90,41,3,,,
6159d38f-b605-4037-96d1-b5b8da974c7a,art.software,premium,90,41,3,,,
bf9eb287-e878-4aeb-95b4-2165301d84d6,art.solar,sold,90,41,3,"Sav.com, LLC - 40",09/11/2024 15:15,09/11/2026 15:15
7826db26-2fa0-4c72-ad84-126b41e2449c,art.solutions,resell,90,41,3,Porkbun LLC,16/05/2025 19:20,16/05/2026 19:20
75cbab30-9269-4aae-bee1-08aeb988a186,art.soy,premium,90,41,3,,,
5cbfc910-f96e-44eb-8a33-5752e19d68dc,art.space,premium,90,41,3,,,
f687b6e5-946b-4ced-b127-861a8e45acd3,art.spot,premium,90,41,3,,,
03a40473-883c-4081-b086-068ccdbf16a6,art.storage,available,90,41,3,,,
85a84c96-3299-4952-aef6-5cf25e999e32,art.store,premium,90,41,3,,,
6cd49490-1b11-4e9b-bf25-f2ab1502860a,art.stream,expired,90,41,3,Domeneshop AS dba domainnameshop.com,19/11/2019 20:00,19/11/2025 20:00
ebffb491-d496-4c72-8cb6-bc969ff9e6c0,art.studio,sold,90,41,3,"Name.com, Inc.",21/09/2023 19:46,21/09/2026 19:46
735c8e4c-a19e-4ab8-bc75-5a979df1efd7,art.study,premium,90,41,3,,,
fe7c3304-b4e4-41a9-b8c2-a95b8a506f5d,art.supplies,premium,90,41,3,,,
91809511-00ad-4b9b-b402-2378860f24f0,art.supply,resell,90,41,3,"Sav.com, LLC - 19",17/02/2023 15:15,17/02/2026 15:15
2da8b5b7-040a-481b-af8e-a3b982e43a45,art.surgery,premium,90,41,3,,,
f572f093-745f-4065-b0c0-3d7aa12c6e75,art.systems,resell,90,41,3,"Spaceship, Inc.",26/06/2021 15:49,26/06/2026 15:49
1b45d8e8-7baf-4b38-9973-be6b39161609,art.talk,premium,90,41,3,,,
dbdd5ef5-6cca-46f1-8616-bc0a917b5526,art.taxi,resell,90,41,3,"Global Domains International, Inc. DBA DomainCostClub.com",11/09/2025 15:15,11/09/2026 15:15
b0335b1d-a51a-483e-a196-7c2bfc7abd4a,art.team,resell,90,41,3,"Spaceship, Inc.",29/07/2015 16:00,29/07/2026 16:00
1c30ed5c-bcb7-4265-bbce-46e4b3e9a57f,art.tech,premium,90,41,3,,,
b5206c6c-aa54-4d5f-80c4-d57c4f296d9d,art.technology,sold,90,41,3,Dynadot Inc,06/02/2019 09:18,06/02/2026 09:18
ed7bf8d6-0ebe-4a10-9cf5-5ba15e32b610,art.tel,resell,90,41,3,"GoDaddy.com, LLC",16/01/2021 07:21,16/01/2031 07:21
393acffc-8170-4c4a-8a1c-e9ca8ce27aea,art.theater,sold,90,41,3,Dynadot Inc,02/11/2016 16:02,02/11/2026 16:02
75627101-c975-469a-a64a-8bc6d52305f2,art.theatre,available,90,41,3,,,
ba0fbdfa-0e86-4a95-8f61-9034d2a9cbc0,art.tickets,premium,90,41,3,,,
d88d8e90-642f-4786-a494-c737a526dee2,art.tienda,premium,90,41,3,,,
ca4b40c1-eb03-4c36-b6d7-b68628151ac7,art.tires,available,90,41,3,,,
41e1dada-538c-4a98-be16-45308402bd86,art.today,resell,90,41,3,"Xiamen ChinaSource Internet Service Co., Ltd",06/05/2023 15:15,06/05/2026 15:15
c51a298b-8b5c-4319-9d3e-bea88319c214,art.tools,resell,90,41,3,Dynadot Inc,15/10/2023 15:15,15/10/2026 15:15
238321a1-fe82-40b3-929c-f10c9acf29ab,art.tours,sold,90,41,3,"Name.com, Inc.",22/09/2016 16:11,22/09/2026 16:11
36f6ec97-0174-4c43-a3db-846bbd16b9b8,art.town,resell,90,41,3,Porkbun LLC,08/04/2025 17:22,08/04/2026 17:22
756e9da8-bd17-42de-9a21-5274814bf8f2,art.travel,resell,90,41,3,Porkbun LLC,13/07/2023 15:15,13/07/2026 15:15
0eb315e1-6ea3-4a12-88b5-37da4c10d722,art.tube,expired,90,41,3,"Latin American Telecom, LLC",08/11/2017 19:27,08/11/2025 19:27
2a5deff1-feb5-4928-8266-4ae4765b3f79,art.tv,resell,90,41,3,"eNom, LLC",21/02/2001 08:00,21/02/2026 08:00
748f84e1-ac34-4806-a1f0-04c84360655c,art.uno,premium,90,41,3,,,
2347d979-d170-45d4-87d5-dfe226e47f54,art.us,resell,90,41,3,"GoDaddy.com, LLC",24/04/2002 14:00,23/04/2026 23:59
082cb674-baa1-48f4-be20-e353b471e766,art.vacations,premium,90,41,3,,,
8149830c-dbc9-4856-affb-7e1c3fe9b317,art.vana,available,90,41,3,,,
e0e81ca1-ec89-4f65-b7d8-ff6f0abdb182,art.vc,resell,90,41,3,Dynadot Inc,13/06/2013 17:51,13/06/2026 17:51
1c24f305-83b7-4249-9d14-a138bee108c2,art.vegas,resell,90,41,3,"GoDaddy.com, LLC",12/02/2020 10:27,12/02/2026 10:27
b8c5177a-e708-491f-9399-8362154fc625,art.ventures,sold,90,41,3,Dynadot Inc,11/09/2018 23:19,11/09/2026 23:19
1d7617b9-b9e8-414b-8562-782fa60e8364,art.viajes,available,90,41,3,,,
37c90bfe-d7e9-4d13-84ee-003ef99b1a35,art.villas,premium,90,41,3,,,
c3652204-de99-4ec6-aee0-3a1665f477e5,art.voting,available,90,41,3,,,
f77acdc3-b139-4bd3-8779-3354a09d76c5,art.voyage,sold,90,41,3,Dynadot Inc,05/10/2020 14:30,05/10/2026 14:30
325f6026-bf3e-4770-920f-5a0b21672b46,art.webcam,premium,90,41,3,,,
4ccc1f02-3563-4c5c-b948-de3a5b9a645c,art.website,sold,90,41,3,NAME DOT STORE INC,02/04/2019 14:14,02/04/2029 23:59
2b7a2fb7-df6a-4039-80cd-211f68452bc9,art.wedding,resell,90,41,3,"Spaceship, Inc.",27/04/2021 06:40,27/04/2026 06:40
f3d35ae6-b915-45d8-8ff3-5fabb0cda4f2,art.wiki,premium,90,41,3,,,
ed16a28d-d612-4e95-ab3e-b9130298100c,art.world,resell,90,41,3,Porkbun LLC,27/03/2019 09:56,27/03/2026 09:56
640b0aa2-8520-4ce3-97bf-6de63854f843,art.xyz,expiring,90,41,3,"Go Daddy, LLC",28/12/2020 10:15,28/12/2025 23:59
d253f7bb-cbec-4ea4-b5ee-0bfea871c97e,art.yachts,premium,90,41,3,,,
be28fb2b-3366-42da-a8ed-9c3e8e3ea2d0,art.yoga,expired,90,41,3,Domeneshop AS dba domainnameshop.com,09/10/2019 01:10,09/10/2025 01:10
30f1487e-8656-45c4-bc02-cfe5a2588f2c,art.zone,sold,90,41,3,Alibaba Cloud Computing Ltd. d/b/a HiChina (www.net.cn),05/12/2019 08:40,05/12/2026 08:40
f01fc940-da96-47c8-89b9-e63c473556c2,painting.app,expiring,62,80,8,Squarespace Domains II LLC.,24/07/2023 17:46,24/07/2025 17:46
d65ddcb7-28a1-4cc9-93fc-fb741b8c1615,painting.at,sold,62,80,8,registrant:     <data not disclosed>,,
b1d73c1d-fbe6-4ed6-bf45-38c1293b6622,painting.cloud,premium,62,80,8,,,
b4c45f50-8ef3-4da0-906c-6ef81e0c0a79,painting.dev,premium,62,80,8,,,
ad59ad47-4411-4add-ade8-5230dff7148c,painting.gg,available,62,80,8,,,
1a5a8657-4167-4864-a3fd-73642ad8ac1b,painting.io,resell,62,80,8,Dynadot Inc,13/02/2015 20:06,13/02/2026 20:06
fb01def1-73ff-4550-ac54-11396a2d2e08,painting.me,expiring,62,80,8,Epik LLC,09/07/2008 17:07,09/07/2025 17:07
593e1ee8-1526-4c25-84bc-7907030367ab,painting.ninja,premium,62,80,8,,,
6ce095dc-01de-4b96-8754-3b2abeb1a929,painting.online,premium,62,80,8,,,
d746dabd-7208-41dd-8ace-3054e95e898a,painting.site,premium,62,80,8,,,
cd8c3679-ca7e-4c2f-b61d-d86cb69c7bd5,painting.so,available,62,80,8,,,
8bfaf68d-aad6-4290-978d-169e1d6f0b63,painting.space,premium,62,80,8,,,
c604a355-7fa0-42a2-85ff-9c9435f7a6b3,painting.store,premium,62,80,8,,,
6fa8279b-1b3d-45e4-a306-a03d46fdff84,painting.tech,premium,62,80,8,,,
46143bef-bd76-41ae-8a2b-d8d953d62cf5,drawing.ac,available,82,14,7,,,
4194e7f2-22af-48f8-b96d-1e51697b56a2,drawing.accountant,available,82,14,7,,,
9bead353-9a77-4a68-be22-ac9c162e2a17,drawing.accountants,available,82,14,7,,,
44c7c257-bbd9-48ec-a03b-fd7acea227ef,drawing.actor,available,82,14,7,,,
f2aa5e6f-1603-4734-84aa-8c92a40e1b9d,drawing.adult,available,82,14,7,,,
96e0efbd-e66a-4cd5-b460-1aae5866f651,drawing.ag,available,82,14,7,,,
8d7e0ec6-64c0-4d2e-ad8e-3e06dfedc1c0,drawing.agency,expired,82,14,7,"Sav.com, LLC - 38",17/10/2024 17:00,17/10/2025 17:00
0d0776f4-7cd3-4264-88ac-2b6ae39e533f,drawing.airforce,available,82,14,7,,,
0c83794a-4efe-4b55-892c-4e031b54d47f,drawing.apartments,available,82,14,7,,,
97496e96-756d-4b69-8462-69c397ee60da,drawing.app,resell,82,14,7,"Global Domains International, Inc. DBA DomainCostClub.com",09/12/2024 21:27,09/12/2026 21:27
c84c4773-67bb-49b8-837d-aead6cfe7b0a,drawing.archi,expiring,82,14,7,"Sav.com, LLC",06/01/2025 15:05,06/01/2026 15:05
f2117468-a50d-478a-8ec7-3a3442b89bc9,drawing.army,available,82,14,7,,,
1e650c97-a467-42cf-8aeb-5e40f1c900ff,drawing.art,premium,82,14,7,,,
5fb27c49-260a-4980-a62b-c716295ad27e,drawing.asia,available,82,14,7,,,
e3a4ad95-93db-4f49-93a6-58fb41d21fdf,drawing.associates,available,82,14,7,,,
2d508312-f70c-445d-a33d-39c2906d2404,drawing.at,resell,82,14,7,Dynadot INC ( https://nic.at/registrar/650 ),,
cf4af8a8-30c8-4659-9c4b-c7221cd507f4,drawing.attorney,available,82,14,7,,,
c833f9e3-2189-48fc-a225-1fccd614ebf8,drawing.auction,premium,82,14,7,,,
7f8b9055-666d-4099-88ae-11dcd4249995,drawing.audio,available,82,14,7,,,
d087a649-6ecd-4e15-84e9-6f7f71177fa7,drawing.auto,available,82,14,7,,,
af16d662-df7d-4ff5-a6b6-e0e0ffc38ebe,drawing.autos,available,82,14,7,,,
dabed045-c31a-408f-9a27-f254e5a0e581,drawing.baby,available,82,14,7,,,
2a831237-5094-462f-bd14-2e95f0f674c0,drawing.band,available,82,14,7,,,
3e900394-c0cd-4d6a-bde5-017cbde72f84,drawing.bar,available,82,14,7,,,
3eb3cd38-82b1-45f9-a86b-8530bbeed678,drawing.bargains,available,82,14,7,,,
21ede0cf-890f-480c-a18b-fc6041bfe623,drawing.bayern,available,82,14,7,,,
edac1bbc-5a83-475a-a15d-5852fde60b07,drawing.beauty,available,82,14,7,,,
c84c5a59-92bb-44cf-9cbf-24c814d75623,drawing.beer,available,82,14,7,,,
8cc2274d-9cb7-4891-8ab7-4b8e7a57ce5d,drawing.best,available,82,14,7,,,
ca78b4a5-a469-4caa-93d4-41966baddfeb,drawing.bet,premium,82,14,7,,,
49c6239b-107f-4d2e-9f86-71a3a2c14ed8,drawing.bid,premium,82,14,7,,,
485530e5-e625-4fa4-8a6e-268301a14576,drawing.bike,available,82,14,7,,,
c9e09c21-8539-4319-952a-bff5a2524ff3,drawing.bingo,available,82,14,7,,,
7a1a31e1-21c9-49b1-bf13-c2f998d7306b,drawing.bio,available,82,14,7,,,
8b94a80c-6f02-4a7b-a393-5c82001f2781,drawing.biz,premium,82,14,7,,,
132571ea-c553-4e7b-bf1c-558ccf1e9b01,drawing.black,available,82,14,7,,,
568fa62d-89a1-493f-9750-76004e041110,drawing.blackfriday,available,82,14,7,,,
7a9b16cb-f0ae-4a31-be97-9649fd4a8c72,drawing.blog,premium,82,14,7,,,
56534a37-a78a-4e95-ad42-5197629f9626,drawing.blue,available,82,14,7,,,
dce4f506-4f7c-4cf0-b310-77a50998ea51,drawing.boats,available,82,14,7,,,
bf27bec3-487c-482d-9f65-b6e66cc4ba44,drawing.boo,premium,82,14,7,,,
84c8adb9-71d4-4bab-9960-e3f052d8f235,drawing.boston,available,82,14,7,,,
9837587f-fc72-472c-83a1-75ffddba815c,drawing.boutique,available,82,14,7,,,
eaeb4c6f-5f3b-4c66-a510-de91d5c50719,drawing.build,premium,82,14,7,,,
489d4d2c-6ccb-4f5f-82ea-018a6d718c07,drawing.builders,available,82,14,7,,,
30a4b17f-d721-458a-831d-d1ede0b21166,drawing.business,available,82,14,7,,,
1834b54a-12fb-479a-92dc-3eb1d70000b5,drawing.buzz,premium,82,14,7,,,
6e166a5f-e4fe-4b5f-a30f-3af05c127f96,drawing.bz,available,82,14,7,,,
4673e474-d495-44b8-9541-cc8e2ba05a2b,drawing.ca,resell,82,14,7,Grape Inc.,14/02/2009 20:33,14/02/2027 05:00
17f557b3-f92c-45a0-9909-b44edc992aca,drawing.cab,available,82,14,7,,,
86e41223-0756-4292-a684-ee36b3058f0d,drawing.cafe,expired,82,14,7,"GMO Internet Group, Inc. d/b/a Onamae.com",26/10/2024 03:26,26/10/2025 03:26
eb9df54e-c415-419d-b1ab-3ed33633ca70,drawing.cam,available,82,14,7,,,
825f801f-2fab-4401-872f-57c3da3d9052,drawing.camera,available,82,14,7,,,
c373cec6-e6cb-4288-8d91-4ca63aa5cab3,drawing.capital,available,82,14,7,,,
482cbea4-2795-4774-938b-cffd8046f8e6,drawing.car,available,82,14,7,,,
61e618c5-a599-424c-a5c5-97bd2aa96ac1,drawing.cards,available,82,14,7,,,
cd52470c-50a2-4849-8b98-399ce9814287,drawing.careers,available,82,14,7,,,
0bd34f6f-2363-41b6-b09f-0a3b249a9cb9,drawing.cars,available,82,14,7,,,
55b7b765-75d9-4b9f-a980-4acf1dd480ad,drawing.casa,premium,82,14,7,,,
1a327700-6fae-46ac-bc00-418e05a2f9d3,drawing.cash,available,82,14,7,,,
efb21508-98f4-44eb-8b6d-bc628917b32d,drawing.casino,available,82,14,7,,,
7725a205-f043-41a9-9ab4-d43ba3d06a66,drawing.catering,available,82,14,7,,,
4e176bd5-4f33-4cae-903d-bb42fce217d7,drawing.center,available,82,14,7,,,
49833019-bd6f-45bb-bf7b-2798e03fe33c,drawing.ceo,available,82,14,7,,,
d6fae601-de04-44e7-b9ea-62bde25bdb1f,drawing.cfd,premium,82,14,7,,,
c70c3da4-bfd9-4a49-a410-eaddbc1b4b66,drawing.charity,available,82,14,7,,,
54727363-5d13-475f-92cb-767fb7c2c790,drawing.chat,resell,82,14,7,"Sav.com, LLC",14/03/2025 13:20,14/03/2026 13:20
54c03e05-ae4f-4da2-91f1-3e9041ead16d,drawing.cheap,available,82,14,7,,,
92aa4369-0ac3-4a1d-92fb-c4224859822a,drawing.christmas,premium,82,14,7,,,
03920c8f-34a6-4b5d-99b5-1cbfa3c7fb11,drawing.church,available,82,14,7,,,
9366e025-0db4-48de-98bf-4983514a08b5,drawing.city,expiring,82,14,7,"Sav.com, LLC",10/01/2025 17:10,10/01/2026 17:10
6ef6c238-2918-4fde-bfcd-86435d1c432f,drawing.claims,available,82,14,7,,,
49a9a71e-89e2-4ad3-a0a7-74b7f06ad34c,drawing.cleaning,available,82,14,7,,,
509109e3-3b08-4624-8926-29d67e7734d7,drawing.click,available,82,14,7,,,
2da66ff5-2d31-49ba-bf5a-e10a405f012d,drawing.clinic,available,82,14,7,,,
8f1b0db1-430b-4d99-92cc-dfadb97dbfe3,drawing.clothing,available,82,14,7,,,
51da2db3-cdac-4b07-9c55-9475a7abc818,drawing.club,premium,82,14,7,,,
a7f315c8-fad5-46c0-8013-428ebebe3f93,drawing.coach,premium,82,14,7,,,
4629eb04-8228-434f-9490-2861f73cb426,drawing.codes,resell,82,14,7,"Sav.com, LLC",03/02/2025 08:29,03/02/2026 08:29
ae1b5ee0-01e5-4b65-92c9-c557d3c0ef82,drawing.coffee,available,82,14,7,,,
e016099f-fc89-45d5-993e-625e8a39fbc3,drawing.college,available,82,14,7,,,
4aaff34e-f17a-4f34-a7e5-3490a57e1c4e,drawing.community,available,82,14,7,,,
dbc02992-9df5-4430-9495-32b7b677aeae,drawing.company,premium,82,14,7,,,
20b62a0a-55e6-4455-bf8f-91cbe223b689,drawing.computer,expiring,82,14,7,"Sav.com, LLC",14/01/2025 23:15,14/01/2026 23:15
7dc7ebbb-be39-48d6-ae9f-6849badedba3,drawing.condos,available,82,14,7,,,
f3735013-ebf3-4053-b021-135bfc79cca6,drawing.consulting,available,82,14,7,,,
b2134b4d-3752-4639-8484-7b20a1608fb2,drawing.contact,available,82,14,7,,,
f9fb352c-73f6-41f6-b6c7-8957130e88a3,drawing.contractors,available,82,14,7,,,
7d55b046-eab2-4cc8-a824-0bf22d116fbc,drawing.cooking,available,82,14,7,,,
f9cdaef3-5e5c-4c8f-8928-957f37168db8,drawing.country,available,82,14,7,,,
01529aa2-0dae-4d4b-81cb-0802c6002ca2,drawing.coupons,available,82,14,7,,,
ddaea310-8b95-45a2-914d-1d849ba97de5,drawing.courses,premium,82,14,7,,,
c48f1e91-3bf6-4f2c-98e4-158ad75c27c5,drawing.credit,available,82,14,7,,,
ee0edb63-aef0-4b71-86e5-db21260cb46c,drawing.creditcard,available,82,14,7,,,
70bb1a9b-56f2-4434-9bd1-4f41038d7e9b,drawing.cricket,available,82,14,7,,,
a5f8d78b-ecc3-442a-8654-32b32a9ec852,drawing.cruises,available,82,14,7,,,
7bb0dfff-114c-432b-904f-ead548056b50,drawing.cv,available,82,14,7,,,
b6d95c8a-effa-440b-a376-5b87a0f3a1c1,drawing.cx,available,82,14,7,,,
60325f18-d10f-4bca-a655-2720a5737b60,drawing.cyou,premium,82,14,7,,,
0e032fed-086b-4a8a-90bc-05465c7762b9,drawing.dad,premium,82,14,7,,,
696cb859-956c-465f-a777-3b77143adeff,drawing.dance,available,82,14,7,,,
21a9949b-6e38-4472-b4e2-39cef78f12d0,drawing.dating,available,82,14,7,,,
a5dd3dd4-a931-46e8-b211-fc38aea9dae8,drawing.day,premium,82,14,7,,,
1f444b70-ec34-4d75-ac9d-2e8b9db6f9c0,drawing.deal,premium,82,14,7,,,
30aa3700-3cbc-48ec-a525-5d64d609358d,drawing.dealer,premium,82,14,7,,,
69266ed8-b0d2-4dbc-bd5e-91c6d435e45c,drawing.deals,available,82,14,7,,,
e6ce1757-52e6-4621-bcb8-71e2bbf956b1,drawing.degree,available,82,14,7,,,
9d477449-6301-41d3-938b-637b4f3dc5c9,drawing.delivery,available,82,14,7,,,
c907c0a2-7321-4642-9abc-a4950495a95a,drawing.democrat,available,82,14,7,,,
c15f01fc-068a-4df1-a5dc-ad71e6b25215,drawing.dental,available,82,14,7,,,
d04440f4-b5d5-4149-8766-9c8b33c15e97,drawing.dentist,available,82,14,7,,,
3060db33-e903-449c-814b-91548c5417d2,drawing.dev,premium,82,14,7,,,
12dbc764-67d4-44ab-b12a-e30f04aa7a5b,drawing.diamonds,available,82,14,7,,,
eed542ee-6295-4239-9219-6d5ca8a2e7ab,drawing.diet,available,82,14,7,,,
8a17448f-0020-4c8f-a0df-51c74b272a5d,drawing.direct,available,82,14,7,,,
3cc433c8-fd0e-4766-9f83-41153418107d,drawing.directory,available,82,14,7,,,
d6a27701-50fe-40b3-998e-d4fcaf896843,drawing.discount,available,82,14,7,,,
d75c60e8-eca4-4ab1-a931-34fee21490ef,drawing.diy,available,82,14,7,,,
f298db1a-8664-4f2b-947f-af61d2901140,drawing.doctor,available,82,14,7,,,
76f45cc8-c7b7-4638-947f-bef273b58280,drawing.dog,expired,82,14,7,"NameCheap, Inc.",17/10/2022 06:59,17/10/2025 06:59
e7e0570f-b137-4343-8e23-a968e36a1b7c,drawing.domains,available,82,14,7,,,
f22ab997-34e0-4511-9ac9-92387b205952,drawing.download,premium,82,14,7,,,
a2074e20-cc1e-4dbd-92c3-026fa40303db,drawing.education,available,82,14,7,,,
ee931568-8ba2-492f-906e-45443526436d,drawing.energy,available,82,14,7,,,
4edc55e2-b780-4e5b-871f-772795936524,drawing.engineer,premium,82,14,7,,,
0e04abf8-56f7-430b-a60a-f3039020ad46,drawing.engineering,available,82,14,7,,,
833f3524-b25c-4c22-a463-fa30a8c4ef8f,drawing.enterprises,available,82,14,7,,,
79f66f8b-f26a-4671-9663-1f465ff2744a,drawing.equipment,available,82,14,7,,,
6acba46b-f224-4ea1-ae0b-1107d15aa951,drawing.esq,premium,82,14,7,,,
e771ee3f-a2de-4057-b828-481abb014619,drawing.estate,available,82,14,7,,,
e25a7a2f-3030-4684-9ac4-3c50499e78b1,drawing.eu,resell,82,14,7,Name: TLD Registrar Solutions Ltd,,
7281975c-77c1-4ce7-bbf0-88317fb6d86a,drawing.events,premium,82,14,7,,,
7d719dac-6b13-4871-a81d-6510592e68ae,drawing.exchange,available,82,14,7,,,
c0e4bdf6-e254-4da9-8bc5-ababc4fe97a5,drawing.expert,premium,82,14,7,,,
b817afd5-9d2c-4a3b-8752-8933b98361b8,drawing.exposed,premium,82,14,7,,,
c8153638-ffca-4ad9-880d-e58d7e5cb92f,drawing.express,available,82,14,7,,,
16bc3e1b-2f8d-4a6c-97c9-86fdce142d26,drawing.fail,premium,82,14,7,,,
5488f07d-f1c8-4318-b3a5-7df1b8a88e03,drawing.faith,available,82,14,7,,,
22b12c5e-eec2-44f6-bca5-2d75ccc859da,drawing.family,premium,82,14,7,,,
6aff6cd4-4b0b-4707-ab53-b1f2684c1f17,drawing.fan,premium,82,14,7,,,
a742bdb4-e4f9-4a21-be50-9beb08a9fd1e,drawing.fans,premium,82,14,7,,,
4d6a70d9-ae11-4052-84b2-5e8f315e776b,drawing.farm,available,82,14,7,,,
56e07955-7f8c-4a94-83b1-89cb0c61fd38,drawing.fashion,premium,82,14,7,,,
6ff65f65-0a75-4f81-af87-f9c3a1ceab00,drawing.fast,premium,82,14,7,,,
e420a315-3052-451f-9656-1c4e6ba29278,drawing.film,premium,82,14,7,,,
ea9679da-a3ba-4c6b-8cc3-15b0ee5d2640,drawing.finance,available,82,14,7,,,
a791a985-7b58-4a46-bcf5-1dcaa3985181,drawing.financial,available,82,14,7,,,
bdca4cf3-524d-48e0-a1f0-7371debf09b3,drawing.fish,available,82,14,7,,,
2841107c-92d0-40c3-9f63-fc599803ea9b,drawing.fishing,available,82,14,7,,,
90f7be9c-becb-483f-aab1-3ec12ad6baa8,drawing.fitness,available,82,14,7,,,
9e3e323c-726d-4ccc-a005-99a4ef9ff124,drawing.flights,available,82,14,7,,,
6b6e8433-bf21-4e3b-8b5b-022fefed1558,drawing.florist,available,82,14,7,,,
3b63ed6b-2955-4217-8aa0-4990831d922b,drawing.flowers,expiring,82,14,7,"XYZ.com, LLC",10/01/2025 08:39,10/01/2026 23:59
7b9e5ab4-fe8b-469e-97ce-bb5c962edd34,drawing.fm,available,82,14,7,,,
af21d11a-5649-4a5f-bbfd-bbaa0b0844e6,drawing.foo,premium,82,14,7,,,
a6f6d29f-138f-4de8-b4c9-1de54764bb70,drawing.food,available,82,14,7,,,
34597af3-6e75-44f2-8c1d-be56300d467e,drawing.football,available,82,14,7,,,
e697a237-95b2-4b12-b586-73a09b1d9649,drawing.forsale,premium,82,14,7,,,
5527e215-cb15-4469-85c5-7f0f22c2d6df,drawing.forum,available,82,14,7,,,
16a0d267-c897-4653-9bc1-ff874587423d,drawing.free,premium,82,14,7,,,
d75256d4-3ef7-4cb2-817f-8f97d3043c53,drawing.fun,premium,82,14,7,,,
723c8b4a-b00b-47fd-8ee2-0e7ba5fffd18,drawing.fund,available,82,14,7,,,
b5be96ba-d805-4f6a-afb3-1fa46a7bb13c,drawing.furniture,available,82,14,7,,,
5146780a-faae-464b-9cda-722f9ffa8e57,drawing.futbol,available,82,14,7,,,
a172b2be-beff-45b4-88ca-e6b7fe7c6306,drawing.gallery,premium,82,14,7,,,
b5a53b89-335f-46cf-8efe-d4a7f40e604d,drawing.game,premium,82,14,7,,,
f9ee422a-ebb1-4236-87e4-24c5c4920453,drawing.games,premium,82,14,7,,,
13886aaf-3ed1-4519-bcfd-f10aba51f7f3,drawing.gay,premium,82,14,7,,,
aa7999ef-3ba9-4cbb-893e-af73b93ef98c,drawing.gg,available,82,14,7,,,
231c7bd9-40fc-48c5-8ecd-215a2b9deb36,drawing.gift,available,82,14,7,,,
ca092f8e-5d69-4d64-8630-bf61a3cd49ee,drawing.gives,available,82,14,7,,,
312c3057-bd82-40cd-afa4-9e40e599032a,drawing.giving,available,82,14,7,,,
fc1e7251-be15-463d-bf99-93c5c689b932,drawing.glass,available,82,14,7,,,
52a0ccac-6377-4d1b-b10c-66d4a4ef4c43,drawing.global,premium,82,14,7,,,
e1ab288b-bbd5-453e-8934-4e7d256934cc,drawing.gmbh,available,82,14,7,,,
33185a61-32c4-400c-a151-ccbb32141429,drawing.gold,available,82,14,7,,,
e8399949-d82a-49eb-a546-c798bc989b94,drawing.golf,available,82,14,7,,,
a8b385f4-8dd9-4e3b-aa98-1f33b163361f,drawing.graphics,available,82,14,7,,,
dcf9a527-61e0-4d49-b7b9-7a5ecb172fc5,drawing.gratis,available,82,14,7,,,
ff4fffc1-b1d0-4c02-bc4e-822fd67949d8,drawing.green,available,82,14,7,,,
15ca10d2-7de7-4c61-acfb-139aefa15535,drawing.gripe,available,82,14,7,,,
8f708d2f-6c6f-46fb-a59c-30c25f3b9b81,drawing.guitars,available,82,14,7,,,
c900d0f0-a2de-44cf-b52e-aea3de250a6a,drawing.hair,available,82,14,7,,,
71fe38a4-822b-4458-a429-25beaa082046,drawing.haus,available,82,14,7,,,
962a2c7c-832b-48de-8f63-22d77813a2e2,drawing.health,available,82,14,7,,,
68fb81b1-c843-42e8-8163-20da9d6d37c0,drawing.healthcare,available,82,14,7,,,
7d88d38d-fade-4b91-9375-79692771f364,drawing.hiphop,available,82,14,7,,,
b4d31937-e4bc-41f3-a66f-83ae3ff6fcd2,drawing.hiv,available,82,14,7,,,
1edf633a-a033-4c86-a17e-9958d307b12b,drawing.hockey,available,82,14,7,,,
51a75fa7-26c4-4d7a-8f10-6562b9f5af6c,drawing.holdings,available,82,14,7,,,
06f91360-e694-4273-833b-5350573f2934,drawing.holiday,available,82,14,7,,,
df60d200-71c8-4e27-b14f-11a16f37c519,drawing.homes,resell,82,14,7,"Spaceship, Inc.",01/11/2025 05:08,01/11/2026 23:59
92f82cf4-22fb-4248-b47e-b44dbae7a8f4,drawing.horse,available,82,14,7,,,
4a650f98-887e-41e1-96b6-6117daf64d37,drawing.hospital,available,82,14,7,,,
f9c81fd5-aefc-4325-8a2d-ca94fa3f5c1c,drawing.host,premium,82,14,7,,,
d715cc03-2980-441c-b24e-09f111a3eb36,drawing.hosting,available,82,14,7,,,
77aeb1ad-3622-4498-a44f-8c04a9d6c246,drawing.hot,premium,82,14,7,,,
f01f71d7-4ae0-496d-b38d-19cad4b6b404,drawing.house,available,82,14,7,,,
5e6cb420-8774-4c45-9977-57da7086b193,drawing.how,premium,82,14,7,,,
cf66a017-c3ff-48ed-8b69-67131fc47eaa,drawing.icu,available,82,14,7,,,
b959fdc0-a864-41be-a372-3dbefc5437cf,drawing.id,expiring,82,14,7,PANDI Registrar,31/12/2023 14:50,31/12/2025 23:59
d96fb9af-b344-4764-81ce-99eef29d3c1b,drawing.im,premium,82,14,7,,,
a1b0e1cd-0706-4cd0-bce4-5dc5ff8c833a,drawing.immo,available,82,14,7,,,
e2b339f4-8ce4-4e34-b7b7-102d28a0c92b,drawing.immobilien,available,82,14,7,,,
a18fb6d7-c7d9-400a-9bb7-a4d719643320,drawing.in,resell,82,14,7,Endurance Digital Domain Technology Private Limited,22/07/2008 20:00,22/07/2028 20:00
1d1916a9-e24f-4cc6-a45a-0fa50f599426,drawing.inc,premium,82,14,7,,,
dd043333-e230-466a-82b6-9a4218415a95,drawing.industries,available,82,14,7,,,
c6d2acc7-b5da-4883-b106-dcb9081c799f,drawing.info,resell,82,14,7,"Spaceship, Inc.",21/09/2001 21:45,21/09/2026 21:45
131169bf-6f97-44f9-b97f-eae788b24e76,drawing.ing,premium,82,14,7,,,
62c0b326-4f48-494b-ba46-997a4c9d4a7f,drawing.ink,available,82,14,7,,,
41b10d48-6d01-4ed6-a46e-fd33c5a1d822,drawing.institute,available,82,14,7,,,
18ea348e-80cf-456e-a4cf-80efa023410b,drawing.insure,available,82,14,7,,,
be6d9f2e-ba44-4b0d-a2d6-67e66e1e9d31,drawing.international,available,82,14,7,,,
56755c27-3a0f-4743-8170-45f2ebdc563a,drawing.investments,available,82,14,7,,,
347481cc-e23f-45ad-82c6-6c095f5cc7a8,drawing.jetzt,available,82,14,7,,,
e30729d3-4388-4c1f-b6b3-bff68d2c6047,drawing.jewelry,available,82,14,7,,,
49f56f28-e83e-421b-a171-9203e1d27059,drawing.juegos,available,82,14,7,,,
44ef7b1c-4f40-4235-9b7f-51b977be7013,drawing.kaufen,available,82,14,7,,,
b5cf9173-92a8-4228-873b-bb4ad18151f6,drawing.kids,premium,82,14,7,,,
5da0ab23-d70b-4d3d-8daa-0a2a52ce90c1,drawing.kim,available,82,14,7,,,
c32bbb0b-fb3c-475f-9e32-5178075b2175,drawing.kitchen,available,82,14,7,,,
7c10ece3-263b-4d98-8e99-699ab5cb26cf,drawing.la,available,82,14,7,,,
0d9ab4e0-c665-454d-b094-624fe5dd2ef5,drawing.lat,available,82,14,7,,,
c082941f-2aba-4c63-86a4-4239e5c22633,drawing.law,available,82,14,7,,,
6b2fca30-a1e1-46ff-b04d-3d3e59509fc5,drawing.lawyer,available,82,14,7,,,
6d09b6c6-b7c7-44a6-a37d-b48bfa2923ee,drawing.lease,available,82,14,7,,,
33d93944-b2ec-4ca6-876b-f5159a39ac6b,drawing.lgbt,available,82,14,7,,,
4ef83d71-c53d-40d9-b9b9-c05428b461a9,drawing.life,resell,82,14,7,"DNSPod, Inc.",23/07/2021 08:38,23/07/2026 08:38
69bb26c2-27d2-420c-94a3-92e5a333fc64,drawing.lifestyle,available,82,14,7,,,
cf5b24f3-6b7c-411b-989a-6bafaec177fa,drawing.lighting,available,82,14,7,,,
583b1897-aa49-4235-99e0-bf16c6bfc8b0,drawing.limited,available,82,14,7,,,
4bca6f10-d7d2-49e1-9a25-93478bccd16d,drawing.limo,available,82,14,7,,,
e4f00535-d494-44d6-8a1e-71947b9a398d,drawing.link,premium,82,14,7,,,
8c13ca51-f6f2-4853-895d-baf2a9312c78,drawing.living,available,82,14,7,,,
de186134-edb8-4770-b1fe-af7b024cb48b,drawing.llc,available,82,14,7,,,
670a38e1-c48f-482a-a112-84501c6ba947,drawing.loan,available,82,14,7,,,
9fb43f20-ba30-488b-837d-9aa4ad9269db,drawing.loans,available,82,14,7,,,
dfd7bb9c-3246-4e62-900f-2f5427e4af84,drawing.locker,available,82,14,7,,,
634ab90a-fa24-4933-afa2-b9acc6771d0d,drawing.london,available,82,14,7,,,
cb394909-2a02-4ecb-beec-bf460a3be2fb,drawing.love,premium,82,14,7,,,
afd95cd0-a219-4589-8d1f-1b949c8356f9,drawing.ltda,available,82,14,7,,,
d5b8df23-a041-4b16-8a5f-cb0679723236,drawing.luxe,available,82,14,7,,,
5ef1ff00-0af5-46f0-86f7-09789ddf713f,drawing.luxury,available,82,14,7,,,
365bce79-c2e6-4296-9cee-fc6f9b6e2c1e,drawing.maison,available,82,14,7,,,
5cf28ede-c681-4c25-814e-82a3f4c3856c,drawing.makeup,available,82,14,7,,,
d12ccfb8-c07d-438d-ade4-e8c528961e98,drawing.management,available,82,14,7,,,
649e2be1-12ea-4638-ad99-accf19e5812d,drawing.market,available,82,14,7,,,
19c3ad47-929b-41c9-9c25-f6129a816c47,drawing.marketing,available,82,14,7,,,
6a022a85-99c8-4eaf-b079-a575da9e57be,drawing.mba,available,82,14,7,,,
aeab43c7-b102-440c-96fd-581d162aa058,drawing.me,resell,82,14,7,"GoDaddy.com, LLC",17/07/2008 16:46,17/07/2026 16:46
794dbe1c-a95a-45d1-9c6e-e69a166c3b18,drawing.melbourne,available,82,14,7,,,
97c55fea-85e7-4f59-a543-51bd24a48085,drawing.meme,premium,82,14,7,,,
952120c1-f0b6-44ee-9d0c-b393a07bb825,drawing.memorial,available,82,14,7,,,
6022da06-128c-4fb9-939e-facd42aa669b,drawing.men,premium,82,14,7,,,
ddda0ef9-0b99-48b3-96a6-8c3090587956,drawing.menu,available,82,14,7,,,
83c0008a-8709-459f-be68-e0202d314675,drawing.miami,premium,82,14,7,,,
e81c7f31-908f-47b0-a177-fb2573c3f4e0,drawing.mobi,premium,82,14,7,,,
5ff7c2c0-e290-4964-aa6d-4b2a10b3352c,drawing.moda,available,82,14,7,,,
d7d073c6-c7d7-4d33-853b-867fdd0174d3,drawing.moe,premium,82,14,7,,,
e69851fa-30fb-416e-858a-0018917310da,drawing.mom,available,82,14,7,,,
762803ba-75a9-43a9-a065-01bb0d9c76a9,drawing.mortgage,available,82,14,7,,,
c97d21f5-cfbc-41ba-81a2-77bbc960e7da,drawing.motorcycles,available,82,14,7,,,
d8e94b33-0573-4c6e-a3c6-ff48d92f6d06,drawing.mov,premium,82,14,7,,,
0111214b-9de9-44ff-b2c6-198ba99b3f46,drawing.movie,available,82,14,7,,,
5b5d4124-7a46-4ba5-a990-cae89ea6dfa7,drawing.mx,available,82,14,7,,,
d8a34768-06f2-4683-a2f2-e693f60bb93d,drawing.my,premium,82,14,7,,,
aa52431e-c4d1-41fc-801a-db7262ec7a58,drawing.name,available,82,14,7,,,
9480120f-edb6-4b5b-b2ae-79c687be02ca,drawing.navy,available,82,14,7,,,
92ba52d2-87bf-4379-a6bc-a81294959b56,drawing.network,available,82,14,7,,,
d4ae143e-095c-4d15-9d63-fc317bc786d7,drawing.nexus,premium,82,14,7,,,
040d03e6-8fe8-4c92-a2df-f2f4c90712d3,drawing.ngo,available,82,14,7,,,
f37b6e6a-39b5-4c13-81ea-18c707c18c3a,drawing.now,premium,82,14,7,,,
4130100f-ff91-4ebc-b933-3cb70b94d533,drawing.nyc,expiring,82,14,7,"GoDaddy.com, LLC",15/01/2017 18:49,14/01/2026 23:59
60682baa-e423-4c45-9afa-5f91e3cffa69,drawing.observer,premium,82,14,7,,,
15531e27-8821-4503-860b-784a50acc183,drawing.ong,available,82,14,7,,,
a79469d3-c4ac-4c5c-a6d3-c907485f73ca,drawing.online,premium,82,14,7,,,
6bff9fe0-ad0a-4a54-a5f9-43af203fd9c4,drawing.ooo,available,82,14,7,,,
a966b604-1a7d-4461-a654-98914ccc3866,drawing.organic,available,82,14,7,,,
24b402a2-3c03-4eaa-ba8a-a044ca29862c,drawing.osaka,premium,82,14,7,,,
2a7fb5c4-528a-4b59-a899-63e6a28699be,drawing.page,premium,82,14,7,,,
840ca001-3c63-4ada-a0e9-f5d3bfc30452,drawing.partners,available,82,14,7,,,
b559d927-40e9-4f8b-807b-afad1d7437df,drawing.parts,available,82,14,7,,,
1c488b7e-3a33-4827-a982-3abce67d2a94,drawing.party,premium,82,14,7,,,
c46e204d-64d5-418a-b455-4348f535eddc,drawing.pet,available,82,14,7,,,
842e376d-6523-4906-823f-d104c6662a5d,drawing.phd,premium,82,14,7,,,
6ff2f574-1666-4bb6-a849-3ff3b3e57f48,drawing.photo,premium,82,14,7,,,
759fb669-913c-4373-a707-ff31391639c9,drawing.photography,premium,82,14,7,,,
eff99f94-0bdb-41ff-b6c8-d119319ecc95,drawing.photos,premium,82,14,7,,,
9e84dbcc-74e4-423b-8e2a-a160a2d9f2e3,drawing.pink,available,82,14,7,,,
962215c4-467a-4693-9a1c-7b377bac1131,drawing.pizza,available,82,14,7,,,
759900c2-1324-4bf6-a382-369847046aa8,drawing.place,available,82,14,7,,,
4dc2055e-7394-4fdd-b7df-357268681a8d,drawing.plumbing,available,82,14,7,,,
86259c5f-1ea1-4795-b216-ab552288cba3,drawing.plus,available,82,14,7,,,
91ff9538-6353-42dc-8e2b-38d26c57c937,drawing.poker,premium,82,14,7,,,
3877eb1b-b55b-4ec4-bfaf-d6a833f4ac4b,drawing.porn,available,82,14,7,,,
58ca7db7-f1b6-420d-878f-ca49eeb6264c,drawing.press,premium,82,14,7,,,
41414a5d-ac42-4592-8495-afb9df62a48c,drawing.pro,sold,82,14,7,"Spaceship, Inc.",03/12/2010 00:13,03/12/2026 00:00
33ecd58c-ae06-4a3c-83bf-19d17e428001,drawing.productions,available,82,14,7,,,
4debf8f0-9b63-4e79-87ba-aedd29259b6a,drawing.prof,premium,82,14,7,,,
912a3c54-a0ff-4b37-bbf4-d7db834856ea,drawing.promo,available,82,14,7,,,
dcb32ee5-9740-4d9c-9e83-7bce4c1e18c6,drawing.properties,available,82,14,7,,,
d08398cf-105b-4206-903c-c1b53bf5e913,drawing.property,premium,82,14,7,,,
850fc6da-bb61-4d51-8870-b3bd2cf420d8,drawing.protection,available,82,14,7,,,
8f922911-41fa-487e-824d-d8994bad6b00,drawing.pub,available,82,14,7,,,
5bd40bf7-0223-49f3-b85f-47980a55acc4,drawing.pw,available,82,14,7,,,
44577128-c6f5-4665-9418-8a933d91bbd2,drawing.qpon,available,82,14,7,,,
ab54409a-711a-4011-8af8-c050e20dc17c,drawing.racing,available,82,14,7,,,
e973df34-eaed-4e05-9bdc-05acbaace746,drawing.realty,available,82,14,7,,,
a6fc417a-cea7-4172-99d6-8b9f355d4d8c,drawing.recipes,available,82,14,7,,,
b86510bf-3061-4843-b2e8-d11ea10f01be,drawing.red,available,82,14,7,,,
22d1087a-5f4c-4d9c-936a-59f22193fa52,drawing.rehab,available,82,14,7,,,
0df02b6d-098c-4e86-820f-c8223374e0cd,drawing.reise,available,82,14,7,,,
2eb27fef-d008-4b89-944a-2a0f23484a46,drawing.reisen,available,82,14,7,,,
8b9b2f30-d4b6-4e20-92b4-ebbb1b2d087d,drawing.rent,available,82,14,7,,,
1f1c2287-6143-47c7-80bc-acb80b10b974,drawing.rentals,available,82,14,7,,,
770ffaea-2241-4282-a0da-9d72d4fb3f09,drawing.repair,available,82,14,7,,,
37eb6802-1846-42e2-89e9-5c0a8ac68c6f,drawing.report,available,82,14,7,,,
03ed5663-ad53-4f33-8ae5-ad31009b2ccf,drawing.republican,available,82,14,7,,,
950eb922-52ed-4738-8079-1a7a6b230907,drawing.rest,available,82,14,7,,,
da3dce04-d4c6-4a22-9327-665cad267935,drawing.review,premium,82,14,7,,,
1ea28d34-694a-44e3-a260-2f07bac68c9a,drawing.reviews,premium,82,14,7,,,
5a6163cd-3933-46f8-aa5f-250047c90786,drawing.rich,available,82,14,7,,,
be11597f-9800-48aa-b4d4-d6a4c7c9f919,drawing.rip,available,82,14,7,,,
bc2f3ed1-8691-467b-85ed-d31dfe558f57,drawing.rocks,premium,82,14,7,,,
5ad7748e-3d30-44dd-b7e6-fcb36eede07e,drawing.rodeo,available,82,14,7,,,
a8f7a409-9188-4741-ae01-fb6881b7931d,drawing.rsvp,premium,82,14,7,,,
185d5e07-a32c-46c2-b795-682ef17c4cea,drawing.run,expiring,82,14,7,Porkbun LLC,26/12/2024 08:38,26/12/2025 08:38
5353ce86-6f2a-4a7a-bc7f-62e2036fffc2,drawing.sale,premium,82,14,7,,,
b16ca188-e322-4df6-9e69-9fca99b1ccb2,drawing.salon,resell,82,14,7,"Sav.com, LLC",18/01/2025 21:11,18/01/2026 21:11
5cb273dd-c025-4f10-b9db-e8f99b598b6d,drawing.sarl,available,82,14,7,,,
eb658cfe-51d8-46a2-9bb5-d21c1c4b1ee2,drawing.sbs,premium,82,14,7,,,
c01fe1aa-3079-44c2-83c9-13af2f916d1e,drawing.schule,available,82,14,7,,,
6cddef28-b944-438b-bf14-b252fb159fc0,drawing.science,premium,82,14,7,,,
71c77f0c-b5c9-4d49-b2f0-5004225a4ab7,drawing.security,available,82,14,7,,,
48a36eee-e94b-4e31-b10a-e0b3fb2c5592,drawing.sexy,available,82,14,7,,,
35f4c7c6-90b7-4260-ba0b-1404045fa0b6,drawing.sh,available,82,14,7,,,
9a7a9e6b-3dfb-4acb-82d5-cae517abfc14,drawing.shiksha,available,82,14,7,,,
a6085592-b74d-4a57-ad47-7dc9d03e5f50,drawing.shoes,available,82,14,7,,,
a9ae3d94-a06f-4ab3-90e2-3891dd55f709,drawing.shopping,available,82,14,7,,,
30998acd-8628-4beb-8852-a191e44035a6,drawing.show,available,82,14,7,,,
f6b0170b-7585-4baa-b42e-7419a00559ce,drawing.singles,available,82,14,7,,,
047fc21c-ea9c-4006-8249-edf9de7bb8a3,drawing.site,premium,82,14,7,,,
f3637594-ae14-4efc-be75-c969bc4503dc,drawing.ski,available,82,14,7,,,
52a13816-3810-4d56-89d7-534c6ca52fc4,drawing.skin,available,82,14,7,,,
4d8267d0-1b0f-4d0f-b711-7a76675d74b0,drawing.soccer,available,82,14,7,,,
8331bc0c-1ff4-4310-a1fa-d5792f7526f3,drawing.software,premium,82,14,7,,,
4866c0c8-339d-4db4-96d5-4e16305f1904,drawing.solar,available,82,14,7,,,
85a5fe97-1937-4ce3-87d3-887e82f32f00,drawing.solutions,available,82,14,7,,,
14c6d0c5-db6e-4508-890f-fdac5b036419,drawing.soy,available,82,14,7,,,
01fdfdc5-dd0c-493c-954a-3a60c3f8a96b,drawing.space,premium,82,14,7,,,
d2b0f5c6-0164-436a-a42e-a4126cd7775a,drawing.spot,premium,82,14,7,,,
239516f3-c4f8-44a9-8aa1-f63f9a67dd9f,drawing.srl,available,82,14,7,,,
bba34b4c-d1bf-406d-ac68-754087217a80,drawing.storage,available,82,14,7,,,
f57fda29-58c3-4bd9-8fbd-b58ac747e90a,drawing.store,premium,82,14,7,,,
4bd2c885-e075-4b42-a1b3-1585d3613f6e,drawing.stream,premium,82,14,7,,,
547fe4a1-9c2d-4624-8010-976c3fbfc3fb,drawing.studio,premium,82,14,7,,,
6b95a7b2-3b72-41ec-a3d0-b798f884ff45,drawing.study,premium,82,14,7,,,
8674e1cb-810a-46ea-b09e-e99bdffdb10b,drawing.style,available,82,14,7,,,
670410a8-b65a-4aba-bc8f-c8b1089a8518,drawing.sucks,available,82,14,7,,,
14982cdc-a242-4f46-903e-801d58b5f590,drawing.supplies,premium,82,14,7,,,
09ceda1d-b20d-47e7-83d7-8687f34c898b,drawing.supply,premium,82,14,7,,,
c5c55611-20b2-400b-b3f0-36809b4ab30c,drawing.surf,available,82,14,7,,,
dd152832-1ee7-41ba-b2de-a923cd8a7421,drawing.surgery,available,82,14,7,,,
0dbf252a-1f46-4207-ae96-bba21050fd1e,drawing.sydney,available,82,14,7,,,
6d42f90f-b33a-42a7-8320-5a7aba9e8f6f,drawing.talk,premium,82,14,7,,,
4230530f-f540-47f9-a01c-799d3df4cc9d,drawing.tattoo,expired,82,14,7,"NameCheap, Inc.",03/12/2024 02:27,03/12/2025 02:27
932302fa-4b09-41a3-a9fe-21de54175349,drawing.tax,available,82,14,7,,,
eac1f21c-6f02-4339-a419-84972ab9778a,drawing.taxi,available,82,14,7,,,
fad52841-ba7f-42cc-bb2b-9db21fe2340f,drawing.tech,premium,82,14,7,,,
d21b3b11-4462-4f25-8f41-74c749bae4bb,drawing.technology,available,82,14,7,,,
630d4d9f-8967-4a94-b046-22b82913e0f4,drawing.tel,available,82,14,7,,,
0e64bf30-3c26-4680-aa6e-7c32f2496233,drawing.tennis,available,82,14,7,,,
b3620981-3110-476c-b9ea-458ed9949f9d,drawing.theater,available,82,14,7,,,
efbd649f-4083-46bd-97ac-54b64572b89d,drawing.theatre,available,82,14,7,,,
bc660ded-d5f7-4edc-8843-963a49d5e9c1,drawing.tickets,available,82,14,7,,,
e9f4f519-e812-4bda-90c8-5e03fe7dd9e3,drawing.tienda,available,82,14,7,,,
c85000b1-d9ac-4b72-acb2-b9769c052fa8,drawing.tips,premium,82,14,7,,,
f7639df7-6b05-4574-9c1b-1d3e802cd708,drawing.tires,available,82,14,7,,,
fdd02a01-2e1e-428f-8fb1-3ec9e2a5b8c0,drawing.top,premium,82,14,7,,,
501f896e-feaa-4303-9417-e3880a7e8bd1,drawing.tours,available,82,14,7,,,
089e8ec0-5120-4181-af97-90184599db75,drawing.town,available,82,14,7,,,
97df63e5-923e-452c-b7ea-4ab38c924d9e,drawing.toys,available,82,14,7,,,
455c9a64-a573-4968-8791-44debf05f894,drawing.trade,available,82,14,7,,,
3ff37fa2-ea31-4186-aefa-502dcd7ec773,drawing.training,available,82,14,7,,,
39f9577d-aec3-4234-b886-06f1856288c4,drawing.travel,available,82,14,7,,,
7dd8110f-de30-4ad5-a1b1-69d58705939a,drawing.tube,premium,82,14,7,,,
cdfc5f4d-8900-4b0a-bd16-2e97b351c4c3,drawing.tv,resell,82,14,7,"NameSilo, LLC",18/03/2010 20:54,18/03/2026 20:54
a902c90b-c778-4df0-b267-632cb382ffcf,drawing.university,available,82,14,7,,,
7d526816-9826-4865-8aef-23a395abed8c,drawing.uno,premium,82,14,7,,,
1c8953f7-9704-44e0-abf8-8d7a86e101a7,drawing.us,resell,82,14,7,"Wild West Domains, Inc.",24/04/2002 14:39,23/04/2026 23:59
a157d1de-da2a-496e-a07c-29d7a63b7faf,drawing.vacations,premium,82,14,7,,,
ac394373-bec1-4987-93d1-f109b5f6e1fa,drawing.vana,available,82,14,7,,,
f271313f-9eae-4cbb-bff8-57915f3b2893,drawing.vegas,available,82,14,7,,,
89d9f54b-c5fd-463b-8639-1cc3cf7b0f71,drawing.ventures,available,82,14,7,,,
baff8577-7e6d-4d23-8f1c-ec6316969145,drawing.vet,available,82,14,7,,,
fe17d763-9aa0-435a-a4fb-62362904f307,drawing.viajes,available,82,14,7,,,
dec3b8d0-0e42-44eb-b9fa-46c65221448e,drawing.video,premium,82,14,7,,,
14c3e9c3-1944-47c1-afd7-0eb5bb565d8d,drawing.villas,available,82,14,7,,,
b6ba91f7-e303-4d80-a848-1fcca50f4d5f,drawing.vin,available,82,14,7,,,
8326675b-ebca-4875-9771-96fa1b6b1f53,drawing.vip,premium,82,14,7,,,
66b9d63b-87f3-4ac1-9a1f-044735aeeafe,drawing.vision,available,82,14,7,,,
bbbdcc54-ab85-4568-b8ac-ff34d9f72a61,drawing.vodka,available,82,14,7,,,
b17f102c-930b-4dc6-a046-0eda5520baae,drawing.vote,available,82,14,7,,,
e40e81bc-5ba0-4775-9008-a96f834919d9,drawing.voting,available,82,14,7,,,
5ef45b7b-e13b-4df6-86b8-5dde4a572a7e,drawing.voto,available,82,14,7,,,
fd22c204-8853-4ba0-8b5f-ca1909fd98d4,drawing.voyage,available,82,14,7,,,
b4ba768f-0c1a-409a-a04d-6a6f49407f84,drawing.webcam,premium,82,14,7,,,
c0cacc7d-b881-4092-859c-75f640e4bc1d,drawing.website,premium,82,14,7,,,
cf5cd479-89bd-40a7-9245-b4a146db45f4,drawing.wedding,available,82,14,7,,,
9f7d7f5b-86fb-4f8b-84bb-750a2a7c2361,drawing.win,available,82,14,7,,,
9e6378d0-b060-4687-8970-46f55bb7ee46,drawing.wine,available,82,14,7,,,
bb0a2807-fabd-4b13-b156-08a4bca58e07,drawing.work,premium,82,14,7,,,
90c5e610-46de-4fd3-8d53-b8bf30682693,drawing.works,premium,82,14,7,,,
db4ff7b2-2032-4686-b4f1-4a008c33bb73,drawing.world,expiring,82,14,7,"GoDaddy.com, LLC",15/01/2021 03:40,15/01/2026 03:40
4c02aaed-4bdb-4aee-bd3a-5c071cc9d11e,drawing.wtf,expired,82,14,7,Squarespace Domains II LLC,16/10/2019 04:58,16/10/2025 04:58
3423e1dd-343d-4ada-a167-d781ed96690b,drawing.xyz,sold,82,14,7,Dynadot LLC,06/08/2018 10:41,06/08/2029 23:59
b9f14953-321e-444d-84f1-a8badc7d4aa5,drawing.yachts,available,82,14,7,,,
c9893d6a-4411-4356-ab84-eac100315c54,drawing.yoga,available,82,14,7,,,
8c350e14-6579-4dcd-8982-3190c93a0737,drawing.you,premium,82,14,7,,,
fe9de648-5344-4a4d-9f6e-a3d16b6e2b13,drawing.zip,premium,82,14,7,,,
bda902d8-b9dc-48dc-a4b0-8812349811ec,sculpture.at,available,84,72,9,,,
ea2bdc29-f7c8-42f7-bd56-8568afff6719,sculpture.co,expiring,84,72,9,"GoDaddy.com, LLC",21/07/2010 20:15,20/07/2025 23:59
8843091a-7ebd-4749-b3ce-3238dd4a4877,sculpture.dev,premium,84,72,9,,,
27d52992-e522-4fce-9636-2f7cb0b7eb86,sculpture.expert,available,84,72,9,,,
645eb1da-9f49-40f8-a844-6b169514ee91,sculpture.gg,available,84,72,9,,,
8834d79b-296e-4e62-8998-1616d4642886,sculpture.it,resell,84,72,9,,27/01/2010 02:26,15/06/2026 00:00
863e1f6c-30d3-4870-b9a9-6b89d395e057,sculpture.me,resell,84,72,9,"GoDaddy.com, LLC",30/12/2014 03:11,30/12/2025 03:11
7d03df1c-9fad-446e-bbb8-6461be0efbab,sculpture.site,premium,84,72,9,,,
2c4a165f-ca5e-41ec-af59-b54d95851104,sculpture.so,available,84,72,9,,,
1204e982-5261-416d-a5f9-b68d108705e3,sculpture.space,premium,84,72,9,,,
fb860a66-0ad5-4079-b6c4-ac715a1af0ab,sculpture.store,premium,84,72,9,,,
35f55add-576b-4d36-84cb-226added6ce6,sculpture.us,resell,84,72,9,"GoDaddy.com, LLC",09/07/2024 00:00,09/07/2026 00:00
6d8ba4d5-1bb7-4e3d-bb4f-ad639377a23b,sculpture.xyz,sold,84,72,9,Dynadot LLC,15/11/2018 08:54,15/11/2030 23:59
46e4f168-7fc3-449e-8f4e-0edaf0a4a0ec,sculpture.zone,available,84,72,9,,,
f9d25a92-9464-4dcc-83b4-86b39a4cbd0c,visualart.ai,expired,64,92,10,"NameCheap, Inc.",16/04/2023 19:36,16/04/2025 19:36
c145a778-5d44-4a1b-bc24-fd66a1c253ed,visualart.app,premium,64,92,10,,,
93510048-d7d5-415f-834f-816337a702c0,visualart.cloud,available,64,92,10,,,
baaf1342-47be-4e39-b0f5-66614be2503b,visualart.dev,premium,64,92,10,,,
db330693-69f8-4345-9e29-526dcbd13d2c,visualart.expert,available,64,92,10,,,
4f33c971-4466-483b-b3a8-6b06cd71bd58,visualart.gg,available,64,92,10,,,
aebf9dda-e041-4959-9d47-eae9ac226a25,visualart.ninja,available,64,92,10,,,
047a63de-fa73-4ec9-b242-cd291764f935,visualart.so,available,64,92,10,,,
04c343fb-bb6a-45bb-97cb-c9bf149f047b,visualart.tech,available,64,92,10,,,
adc164a1-48dc-4c02-bbff-c0f69555f559,visualart.zone,available,64,92,10,,,
c5dfce28-5e12-4a18-aa1f-4a3e36d4b452,artwork.ac,available,82,16,7,,,
c60f5acd-a27f-4f53-beb0-08ba7580367d,artwork.academy,resell,82,16,7,Dynadot Inc,08/09/2021 17:00,08/09/2026 17:00
4ba7a27b-e521-44da-a320-fc0432da1012,artwork.accountant,premium,82,16,7,,,
109dafee-4196-442f-8508-0be187c63386,artwork.accountants,available,82,16,7,,,
88ad960c-5c4d-4b79-94a9-b99f6d987144,artwork.actor,available,82,16,7,,,
3ef39441-0936-4fbb-a1d0-e8f3519bee3a,artwork.adult,available,82,16,7,,,
e91ee790-65c7-49f2-8960-6a8429400935,artwork.ag,available,82,16,7,,,
4fb5c619-4aa7-40fd-8f96-0073c04ea944,artwork.airforce,available,82,16,7,,,
67356359-d7d6-4981-aa3d-150fed5c9240,artwork.apartments,available,82,16,7,,,
f556d659-8551-4691-a262-af73f0cced3a,artwork.app,sold,82,16,7,GrepApps Technology Inc.,12/07/2022 06:44,12/07/2026 06:44
fc595513-1bfc-4593-9b38-b2c243ff5adb,artwork.archi,available,82,16,7,,,
1d137c90-8929-4013-9990-5f7e15625506,artwork.army,available,82,16,7,,,
e549774b-cbc7-4067-9809-4766a159b220,artwork.asia,resell,82,16,7,"Spaceship, Inc.",16/04/2025 16:14,16/04/2026 16:14
05d46720-2be6-4550-805e-6f2f3b35119a,artwork.associates,available,82,16,7,,,
1f9109af-5eea-47e4-870b-31c3871e9a57,artwork.attorney,available,82,16,7,,,
93b12a92-da2f-4e6b-9400-91c82320c5dc,artwork.auction,premium,82,16,7,,,
a2a986bc-402e-4357-acea-d66566518da2,artwork.audio,available,82,16,7,,,
29bb22f6-2a52-4dbd-8791-94f67ada5d53,artwork.auto,available,82,16,7,,,
3d4434bf-381d-4fce-9ead-8ee8d9b531e3,artwork.autos,available,82,16,7,,,
4d358d84-a973-459a-93ac-c1ddf1beb231,artwork.band,available,82,16,7,,,
99c11875-d0a1-495f-944a-22692fa8ca3a,artwork.bar,premium,82,16,7,,,
5e623bf8-8c9e-4990-ba0b-7cf30392b223,artwork.bayern,available,82,16,7,,,
6980c72b-1b15-4854-8b4d-5b7c9736b673,artwork.beauty,expiring,82,16,7,"Porkbun, LLC",08/01/2024 15:32,08/01/2026 23:59
09af1397-09aa-4f59-8919-9eb7528a601e,artwork.beer,available,82,16,7,,,
013e0ce4-a2bc-4928-bc84-de58409db003,artwork.berlin,available,82,16,7,,,
d8e9a290-e29f-47f5-a3d2-629a69ed02ad,artwork.best,premium,82,16,7,,,
04bb3625-3017-45b2-9418-c4985c468802,artwork.bet,resell,82,16,7,"Sav.com, LLC",14/11/2025 20:38,14/11/2026 20:38
b8fea1dc-95e8-446b-a09b-cddc232d6b14,artwork.bike,available,82,16,7,,,
6f3753e9-3264-4b30-837c-e083266b7b31,artwork.bingo,available,82,16,7,,,
20f49414-c699-4c84-a45d-3b96bbd703df,artwork.bio,available,82,16,7,,,
9ea72e8f-5d7a-438b-9411-70c66b4d893c,artwork.biz,resell,82,16,7,"GoDaddy.com, LLC",27/03/2002 07:34,26/03/2026 23:59
bee6b452-d3a6-4ab2-9fe9-14cbebd5257a,artwork.blackfriday,available,82,16,7,,,
b1d1d324-6d97-4bc4-b599-b51febbc3861,artwork.blog,premium,82,16,7,,,
311cf20a-7621-4d26-abb1-93dfb90f9bcb,artwork.blue,available,82,16,7,,,
bdd9a86d-cdc9-4ba6-bd48-eb245c26fe35,artwork.boats,available,82,16,7,,,
993cd03d-e386-4e21-8f28-1db3de44902f,artwork.bond,premium,82,16,7,,,
84cfccdd-2ab6-4cd2-a87a-e5abc67b81e0,artwork.boo,premium,82,16,7,,,
0179fc1f-380c-4c15-8da7-4c4a61b78861,artwork.boston,available,82,16,7,,,
80be2f70-e6dd-42ae-9c07-0ce8cc8d4e25,artwork.bot,available,82,16,7,,,
18e4347c-3f12-46a9-bbef-8d4a263003f0,artwork.build,premium,82,16,7,,,
23ceb390-e0b2-4d96-afe6-966388df2791,artwork.builders,available,82,16,7,,,
8cd2cde2-9838-44dc-bd86-c5948ae2158e,artwork.business,available,82,16,7,,,
4732d764-faf2-4769-b39d-8222f2a3121d,artwork.buzz,premium,82,16,7,,,
26c53ff9-db87-4c3c-9805-cf582a237118,artwork.bz,available,82,16,7,,,
46a16d3b-81f9-4714-8dbf-f5f9b881e9a8,artwork.cab,available,82,16,7,,,
7eb6a75c-849b-4f26-b557-f69325d2b82e,artwork.cam,premium,82,16,7,,,
8da02f99-1e1e-4794-9da2-b36341286b8e,artwork.camera,available,82,16,7,,,
a0145997-3585-451d-a9eb-4ce34aff0189,artwork.camp,available,82,16,7,,,
7cd077fd-246c-4a74-a119-872a1370df18,artwork.car,available,82,16,7,,,
ec1f262d-00e4-4d8a-8816-4156c1869307,artwork.care,available,82,16,7,,,
6e655a0f-2b25-4fce-b1b5-cd6b9af36d05,artwork.careers,available,82,16,7,,,
612f9b87-b527-4a03-9f12-8c916bc4ca17,artwork.cars,available,82,16,7,,,
fd14a650-455d-4029-a0c1-ca65b83b9104,artwork.casa,premium,82,16,7,,,
d65ade06-3274-402f-acea-3d22b6469bfc,artwork.cash,available,82,16,7,,,
e84799d2-184d-479f-b683-0c36188dfb4b,artwork.casino,available,82,16,7,,,
05e5e4dc-1af2-47f2-a380-c58b7f20005c,artwork.catering,available,82,16,7,,,
1d9ac494-83da-4253-b1ca-4e481610f35f,artwork.ceo,available,82,16,7,,,
2323addc-85ca-42bb-a5c5-200002e09b67,artwork.cfd,premium,82,16,7,,,
8c4dc563-1f6c-44af-9694-9060f9ef29ab,artwork.charity,available,82,16,7,,,
aec8a5ea-48e4-46cd-8c1f-96f192ea27de,artwork.chat,resell,82,16,7,"Chengdu West Dimension Digital Technology Co., Ltd.",04/11/2024 21:39,04/11/2025 21:39
f3249485-30a5-4706-aa6e-0c32dac851f3,artwork.cheap,available,82,16,7,,,
d2451c9d-013a-49ec-83fa-5dc2daa314b5,artwork.christmas,available,82,16,7,,,
e4f293c7-69a5-4e4e-863a-d17073e1daea,artwork.church,sold,82,16,7,"GoDaddy.com, LLC",05/09/2024 09:02,05/09/2026 09:02
f1a2f7ce-61e0-451e-96cb-bf7479768d02,artwork.city,resell,82,16,7,"Sav.com, LLC - 31",31/07/2025 15:15,31/07/2026 15:15
3957fa1f-5700-465e-9eff-bbd7024813d1,artwork.claims,available,82,16,7,,,
570235ce-27df-45fe-b317-01c8ae8280ea,artwork.cleaning,available,82,16,7,,,
1cc8322a-1438-4f38-a24c-1c8fc05ce61c,artwork.clinic,available,82,16,7,,,
6e492dec-fba7-44ad-83cd-0bc2ace7e08f,artwork.clothing,available,82,16,7,,,
7e9b8edc-dddb-4708-9c1b-b042116a5cba,artwork.cloud,resell,82,16,7,GoDaddy,10/12/2019 00:06,10/12/2026 00:06
134908e6-5439-4500-9a3b-06d09babf698,artwork.club,premium,82,16,7,,,
a07b1020-a0ab-49e0-8ee9-8128f0967526,artwork.co,sold,82,16,7,"Name.com, Inc.",21/07/2010 21:44,20/07/2026 23:59
131efe9e-cc40-43ec-9d5e-24970ea556c4,artwork.coach,available,82,16,7,,,
d10f7cd2-eb28-4256-a13d-5db505a99482,artwork.codes,available,82,16,7,,,
3a3c6d4b-f449-4832-ab65-335f9330132b,artwork.coffee,available,82,16,7,,,
06496cfc-86cc-4262-aff1-58a2a8c42c86,artwork.college,available,82,16,7,,,
d1668e93-58dd-48ae-8f01-9469fb54985e,artwork.community,available,82,16,7,,,
a1f35920-09c6-4172-bdbe-1f19eecfa30c,artwork.computer,available,82,16,7,,,
41d28421-3368-40e3-b97c-4376c1e79257,artwork.condos,available,82,16,7,,,
fbdcb5e1-6387-4dae-bc49-c81c193d20a3,artwork.construction,available,82,16,7,,,
93ef4891-195d-4cc0-bb37-4c54b27f342d,artwork.consulting,available,82,16,7,,,
4dec1cc0-bb95-4f96-8db3-49da3b1aa52f,artwork.contact,available,82,16,7,,,
82cd134e-3065-4059-b091-8ec4f7b901ad,artwork.contractors,available,82,16,7,,,
5bbea53d-488d-4650-b4a3-5286716ef66b,artwork.cooking,available,82,16,7,,,
1410bd91-2154-4239-bdbd-f94984bdaaa7,artwork.country,available,82,16,7,,,
37b6c55e-e156-4581-9414-aa0e6a2a1ccf,artwork.coupons,available,82,16,7,,,
b156a02d-94b2-4b69-bff5-a4a9ff7cfab2,artwork.courses,available,82,16,7,,,
f940f136-0cad-4f04-a039-991d2ef806fd,artwork.credit,available,82,16,7,,,
5e4ab97a-c9a5-4ceb-9076-17a7d20b84b9,artwork.creditcard,available,82,16,7,,,
0cc37bf1-5e35-4aa9-a374-9f9ac33ab9cd,artwork.cricket,premium,82,16,7,,,
9fb19e45-c971-4519-bc6a-97c5ef59def4,artwork.cruises,available,82,16,7,,,
559a95f9-50f2-43db-9f1b-88545dbba0c5,artwork.cv,premium,82,16,7,,,
7a34d59e-6ae1-4a78-87a4-884fbd8d7734,artwork.cx,resell,82,16,7,CentralNic Ltd,08/03/2024 00:00,08/03/2026 13:31
7e13aae9-7b39-4975-8d56-2d31a1c8d5bb,artwork.cyou,premium,82,16,7,,,
d8e6e1ec-e9d8-4376-bb8e-bb68890e6145,artwork.dad,premium,82,16,7,,,
d4aa6039-0031-4ac6-9de9-cb0fbc35759a,artwork.dance,available,82,16,7,,,
8cad5e6a-03fc-4742-9a88-beaa7dd9ee6b,artwork.date,premium,82,16,7,,,
e63ef9c7-780d-4649-8ca6-9eb77f6d9516,artwork.dating,available,82,16,7,,,
b82530aa-801b-4586-81c2-c13cdf44fd70,artwork.day,premium,82,16,7,,,
0952dd28-c9aa-46d0-b40a-722b5bd655bf,artwork.deal,premium,82,16,7,,,
a4c64bd7-5805-4158-b033-90507e469f3e,artwork.dealer,premium,82,16,7,,,
188bbe0d-d458-4ae1-9498-33486b999580,artwork.deals,available,82,16,7,,,
10ed2ce3-f261-41f2-9209-31a553f73bed,artwork.degree,available,82,16,7,,,
13d78f9b-4b72-4b00-b4e7-72877791088e,artwork.delivery,available,82,16,7,,,
86712630-d35b-4a67-968d-4292d70d6650,artwork.democrat,available,82,16,7,,,
51e952f1-d38a-4fae-9a15-14e06f5a876f,artwork.dental,available,82,16,7,,,
22b457f3-253d-40bf-82c9-b0f86a351e9a,artwork.dentist,available,82,16,7,,,
7f3d199e-50d0-42b7-8246-5a5a064234d3,artwork.diamonds,available,82,16,7,,,
4a7fc1e4-627d-4019-86b0-bbd559aff63f,artwork.diet,available,82,16,7,,,
72692097-7a20-40ac-b7d6-5ec93ef5465f,artwork.digital,resell,82,16,7,"Sav.com, LLC - 16",12/07/2025 15:15,12/07/2026 15:15
a28b8627-8352-4722-877c-bbc47aeb23b5,artwork.directory,sold,82,16,7,Tucows Domains Inc.,02/11/2025 19:24,02/11/2026 19:24
46ee6728-0505-4c0c-99f9-9bde3b8d4711,artwork.discount,available,82,16,7,,,
a2101752-b6c5-453f-bc50-f3addd8d2e2a,artwork.diy,available,82,16,7,,,
a052b907-1130-4053-8a65-1e98d9859516,artwork.doctor,available,82,16,7,,,
8af8820e-07a4-42f8-970d-bf5b3856c9c5,artwork.dog,available,82,16,7,,,
a2cd214c-d102-4c4e-87d0-bde800008324,artwork.domains,available,82,16,7,,,
eb5c974b-3be1-4301-86fc-a184afa1ee0c,artwork.download,premium,82,16,7,,,
bb6fc44a-28af-4dbf-a5b6-a8b1f092e46d,artwork.education,available,82,16,7,,,
bc37131e-b02d-445a-af38-1760bc364dad,artwork.email,expiring,82,16,7,Domain Science Kutatsi Szolgltat Korltolt Felelssg Trsasg,18/12/2024 14:59,18/12/2025 14:59
22fc1d17-ecbc-4468-8211-fbb4ea8b7421,artwork.energy,available,82,16,7,,,
a235d87c-e3f3-4228-b9f6-f8931a4d3b63,artwork.engineer,available,82,16,7,,,
74d1c982-140a-4ea3-9f8f-e7029a6bd8a6,artwork.engineering,available,82,16,7,,,
0f92a9b2-6783-4d51-8ccc-c681d52a1b64,artwork.enterprises,available,82,16,7,,,
370f855e-14f3-4f50-92db-8dbc3b75fe6e,artwork.equipment,available,82,16,7,,,
d2234db8-b2c6-412f-bef8-fade45697b2e,artwork.esq,premium,82,16,7,,,
1ba44431-18c3-4855-8290-9d1085eb9e11,artwork.estate,expiring,82,16,7,"NameSilo, LLC",05/01/2018 04:32,05/01/2026 04:32
b38edd3b-55ac-4c52-bdcc-208297f0d019,artwork.events,available,82,16,7,,,
b4ee800f-10f2-41ce-8fd6-35e542b13403,artwork.exchange,available,82,16,7,,,
d97e22f8-3112-4498-afb8-9e319314af5d,artwork.expert,available,82,16,7,,,
c5f223c3-79b2-46ff-86a7-e77a809960de,artwork.exposed,available,82,16,7,,,
76fb4561-1a87-4109-b3cb-273c85ecbfb2,artwork.express,available,82,16,7,,,
ba8b514a-5eef-418a-8b36-4cd43d3a4041,artwork.fail,available,82,16,7,,,
67b35c74-fac9-4e13-aafd-a40536009892,artwork.faith,premium,82,16,7,,,
2ea0b9f0-432c-4d24-b808-8717b56b31fa,artwork.family,premium,82,16,7,,,
037a17eb-6f88-458a-9ea2-3ee83cb2987d,artwork.fan,available,82,16,7,,,
89fb94fe-4b93-4fea-9472-595d2b1a1815,artwork.fans,premium,82,16,7,,,
e8cb6b15-31a4-4dda-8deb-e0e98a4718bb,artwork.farm,available,82,16,7,,,
a2146351-d53e-4dc1-8877-575b17fe743f,artwork.fashion,premium,82,16,7,,,
16ea2560-513f-4f0b-afc7-86b7b0deb583,artwork.fast,premium,82,16,7,,,
d6ed91b5-e8dc-4bf9-a3b5-aaf885bde6f7,artwork.film,available,82,16,7,,,
a8af3567-234f-4203-8316-d38bbb4eef1c,artwork.finance,resell,82,16,7,Dynadot Inc,19/02/2025 17:00,19/02/2026 17:00
88917438-380e-401d-a2b4-27728a8d7ce6,artwork.financial,available,82,16,7,,,
2041687b-bc9d-413a-bb1f-8f27c0755423,artwork.fish,available,82,16,7,,,
4b8f5d27-e393-4a44-b2d6-eca5cd9e668a,artwork.fishing,premium,82,16,7,,,
f6be6e90-6032-4f3f-b2e2-3c3582012565,artwork.fit,available,82,16,7,,,
62732100-4eae-4a3b-82a5-b6af57e7c6b8,artwork.fitness,available,82,16,7,,,
c0e2f4d3-2505-4026-872e-49d83a8b4c08,artwork.flights,available,82,16,7,,,
1749570b-c875-4cdf-a196-81e402c3155a,artwork.florist,available,82,16,7,,,
51123a60-ee44-453c-9bc2-37f82e4c4a79,artwork.flowers,available,82,16,7,,,
d87e1d85-b2de-4133-8ebf-8cb7925cdd94,artwork.fm,resell,82,16,7,Instra Corporation Pty Ltd,10/04/2014 23:59,10/04/2026 23:59
248392e9-7aed-468f-b83f-22b2e740c5e1,artwork.foo,premium,82,16,7,,,
f9e53979-a446-4f71-b60a-dd40528539c6,artwork.food,available,82,16,7,,,
bc10b174-4009-4844-ae73-ce9777c693cb,artwork.football,available,82,16,7,,,
66613dc8-6842-4337-abb6-16fbfeadd061,artwork.forsale,premium,82,16,7,,,
52836deb-ebe4-46e4-a41a-525f88515eff,artwork.forum,available,82,16,7,,,
e2d26e36-4424-48ab-8890-21427319675b,artwork.foundation,available,82,16,7,,,
6a648ca2-4d47-4ba9-99bd-9a7035051f2e,artwork.free,premium,82,16,7,,,
4b8e4c4b-01f4-4335-a1a1-6e9f71134c06,artwork.fun,premium,82,16,7,,,
b03d8807-2b62-47f9-8b81-90d198b21158,artwork.fund,sold,82,16,7,Dynadot Inc,23/10/2025 18:09,23/10/2026 18:09
7609e99c-a9e7-4cb7-8825-fb2ab0c2ab9c,artwork.furniture,available,82,16,7,,,
394c6ba3-906e-4aab-81ce-af8fc52f596c,artwork.futbol,available,82,16,7,,,
f7fd7173-7198-441f-a7b5-101ee632e3a7,artwork.fyi,resell,82,16,7,Dynadot Inc,10/02/2023 14:10,10/02/2026 14:10
3b3bf5a7-ba73-4113-a67f-9666d0bba89a,artwork.game,available,82,16,7,,,
5f17ccee-0872-4f0c-9d33-179aed44f5e6,artwork.games,available,82,16,7,,,
7d8c0c17-9aac-45e1-a5f3-ccef6b9bc4c8,artwork.garden,premium,82,16,7,,,
c9c180f6-de23-4883-97c4-1c358c901032,artwork.gay,premium,82,16,7,,,
19cd9e6b-f4d1-4a23-a92d-cea29364af0e,artwork.gg,resell,82,16,7,"Web Gnomes, LLC (https://www.webgnomes.org)",,
9384d967-216c-4faa-bd55-04754b69120b,artwork.gift,available,82,16,7,,,
5c66264f-105a-4852-b21c-326469ff358a,artwork.gifts,available,82,16,7,,,
e81f340a-5c47-4d9c-9d30-640f713edd05,artwork.gives,available,82,16,7,,,
88f64fcf-6db5-4a6a-a35d-493cb2e9ba60,artwork.giving,available,82,16,7,,,
2e9167c6-e1e5-4b83-af7f-12af2b9f0d40,artwork.glass,available,82,16,7,,,
38fd3d8e-cc43-41c2-ae52-66a24a8a1d78,artwork.global,premium,82,16,7,,,
a91a27fc-40cf-45a6-8dad-038f5f1e88bb,artwork.gmbh,available,82,16,7,,,
030b8306-1f00-4de6-af9d-32bc98078666,artwork.gold,available,82,16,7,,,
08bfe51a-fc72-4129-8392-bbe47b02ad69,artwork.golf,available,82,16,7,,,
a55dadb1-70d0-42ee-ac00-49e8316d7921,artwork.graphics,available,82,16,7,,,
109c53b0-c23b-48f4-91d0-f601f3a85823,artwork.gratis,available,82,16,7,,,
4a6df2b7-7317-4587-a647-9cfa81d1fff8,artwork.green,available,82,16,7,,,
63d66bde-9595-4d5a-9988-332a81b5b61d,artwork.gripe,available,82,16,7,,,
6b8d9bcd-2b06-416e-8843-b625f1de4d9f,artwork.group,resell,82,16,7,Alibaba Cloud Computing Ltd. d/b/a HiChina (www.net.cn),24/08/2018 08:29,24/08/2026 08:29
87eaf5a8-f2fc-4de2-92a0-eb0fcf8a9a4a,artwork.guitars,available,82,16,7,,,
36c31e90-2c52-4208-a8c0-2f09ed149901,artwork.hair,available,82,16,7,,,
d85aa94b-1af9-4067-ad90-0b2f4f506f84,artwork.haus,available,82,16,7,,,
111812c8-4253-4ab2-94c8-b4da56e3ecb9,artwork.health,available,82,16,7,,,
c0e744d2-aa8f-4edc-8328-577302aba2c6,artwork.healthcare,available,82,16,7,,,
36b535cd-e832-49f2-8619-676ea8f4b432,artwork.help,available,82,16,7,,,
c2b43705-692c-4b8d-ba07-baae56125cc0,artwork.hiphop,available,82,16,7,,,
c4fb3142-e84f-4ed7-b1ec-279eb0c5e527,artwork.hiv,available,82,16,7,,,
7b7a7b60-70c8-45ab-af9e-1b190088a496,artwork.hockey,available,82,16,7,,,
65ac975f-21aa-4d16-8075-1182c20ad380,artwork.holdings,available,82,16,7,,,
da904f5a-646f-4dca-85b3-6af0bb5de105,artwork.holiday,available,82,16,7,,,
a93c38fb-743c-4968-b918-24835ce6ca60,artwork.homes,available,82,16,7,,,
556ba7e7-9114-4cb1-89b4-862da294023e,artwork.horse,available,82,16,7,,,
972f4f65-da90-4f43-9fc5-150ea873df72,artwork.hospital,available,82,16,7,,,
54d6b96f-762a-4c3a-9262-ca053654c449,artwork.host,premium,82,16,7,,,
6ca4885c-cce4-430e-b140-fb43f250bb06,artwork.hosting,available,82,16,7,,,
ab275306-7846-4861-943d-1de310f5cc59,artwork.hot,premium,82,16,7,,,
9d9fec78-049b-4903-9ac4-3448ebd6a7f6,artwork.how,available,82,16,7,,,
831be4cb-d582-48fa-bc43-2d5c1033e240,artwork.icu,premium,82,16,7,,,
39ba8b33-85d8-45e5-aa02-2e0f6387a9c4,artwork.im,premium,82,16,7,,,
f0d1c8a5-7e02-4c1b-837b-7f3494efe364,artwork.immo,available,82,16,7,,,
f8b80a25-dad7-472d-993c-71e1195a8a82,artwork.immobilien,available,82,16,7,,,
d77cb468-cad6-414b-8e9f-f6c5e6d97306,artwork.inc,premium,82,16,7,,,
cd51f813-aed5-4529-aff9-cc60665e8887,artwork.industries,available,82,16,7,,,
d9969e41-70d4-4c84-bbf1-afa15191e984,artwork.ing,premium,82,16,7,,,
37866cf3-bc16-445b-b3b3-755e6a3d1756,artwork.ink,resell,82,16,7,"Spaceship, Inc.",26/02/2025 05:10,26/02/2026 05:10
ced87a02-a35c-416b-9cf3-7c93c4e0d52d,artwork.institute,available,82,16,7,,,
db486872-d410-46d8-9720-add702e1bc17,artwork.insure,available,82,16,7,,,
b21879be-ba1a-4ba2-adb6-7e7246558ecf,artwork.international,available,82,16,7,,,
423427bb-b93e-404a-b66f-d755ef92c320,artwork.investments,available,82,16,7,,,
ac5e3e0f-af8a-4947-814c-e6454022376c,artwork.irish,available,82,16,7,,,
d4baa25d-0ec3-4140-aa18-e8791d336593,artwork.jetzt,available,82,16,7,,,
e1c30842-4ab8-484f-a20e-1480227f5a44,artwork.jewelry,available,82,16,7,,,
4a7662d7-0084-481d-91a9-1c94997da988,artwork.juegos,available,82,16,7,,,
3c36c3be-00e7-4273-bb20-8b84f7e8312a,artwork.kaufen,available,82,16,7,,,
1ce4d14b-9c8e-4f6d-bfa0-86ffcc8c037a,artwork.kids,available,82,16,7,,,
ead30e51-f1a0-4174-ab21-1d71c85d8465,artwork.kim,available,82,16,7,,,
fd7b9a28-0809-4e52-a83e-668fcb8fd085,artwork.kitchen,available,82,16,7,,,
62e2e23c-9dbe-4145-b771-9d139c1520f3,artwork.la,resell,82,16,7,VIPDomains.LA  Founders Program,11/02/2020 01:54,11/02/2026 23:59
e3f24cf9-f6ce-4311-b026-b828ddeeade6,artwork.land,expiring,82,16,7,"Inames Co., Ltd.",17/12/2022 05:41,17/12/2025 05:41
3d27c712-6b0b-40f2-9572-6b172e9cf167,artwork.lat,available,82,16,7,,,
f29ca91d-6530-4431-8b24-23c54ee7e998,artwork.law,available,82,16,7,,,
240fc9d3-749d-447e-846a-e43ce174424d,artwork.lawyer,available,82,16,7,,,
7131410a-1da0-4b83-b585-3b581af66fda,artwork.lease,available,82,16,7,,,
39267c95-5aa5-4652-9254-b70cb2427cf5,artwork.lgbt,available,82,16,7,,,
bcb6358a-ee3a-4c4e-9963-7479d008e33b,artwork.life,sold,82,16,7,CommuniGal Communication Ltd.,25/09/2025 15:15,25/09/2026 15:15
afeed8e6-f665-4a76-9c79-6d542df391b7,artwork.lifestyle,available,82,16,7,,,
96da0c6f-344a-46b1-8119-7273edc57a71,artwork.lighting,expired,82,16,7,"NameCheap, Inc.",27/10/2017 18:10,27/10/2025 18:10
6a268838-2380-4fde-bc4d-834a06e93a88,artwork.limited,available,82,16,7,,,
6704ae38-3e8c-48ed-8d07-a25e7716edfa,artwork.limo,available,82,16,7,,,
f06a4d21-fe87-45ef-9602-9ff35cef9713,artwork.live,resell,82,16,7,"DNSPod, Inc.",25/10/2024 17:00,25/10/2026 17:00
9502ca41-7bd5-4e1c-8bc8-1629502616a5,artwork.loan,premium,82,16,7,,,
d29a8aa6-5e49-4c2d-8ded-a869818fb032,artwork.loans,sold,82,16,7,Dynadot Inc,23/10/2025 18:09,23/10/2026 18:09
0cb3e2ba-654b-46a1-9aa4-868d8a5f8dec,artwork.locker,premium,82,16,7,,,
de5ad203-80e4-4d1d-9fa6-5c36b3f00a61,artwork.lol,sold,82,16,7,Global Domain Group LLC,23/09/2025 08:21,23/09/2026 23:59
d7fba114-21d9-4e89-a629-c1ef8fd03317,artwork.london,available,82,16,7,,,
d076cfc4-d628-46f0-80d6-5a628cdce974,artwork.love,premium,82,16,7,,,
a89876b3-788b-4f24-8a32-309fe28dcffe,artwork.ltda,premium,82,16,7,,,
36490e60-ad0f-4afd-829d-1c9c35b8e88e,artwork.luxe,available,82,16,7,,,
3480f51a-6f85-4202-b21d-3fcda0ce457c,artwork.luxury,available,82,16,7,,,
6a8da1e9-1631-4b54-bfa8-bd24afeac0a2,artwork.maison,available,82,16,7,,,
1e2f1ea3-be67-425a-8ee1-de01dfd28100,artwork.makeup,available,82,16,7,,,
f8834d8a-9c50-4cff-9cb2-289ac70c0350,artwork.management,premium,82,16,7,,,
99570591-5524-457c-94f8-1142f907059c,artwork.market,premium,82,16,7,,,
cc329d51-232a-4933-919b-b0dfbc0d3e65,artwork.marketing,available,82,16,7,,,
304569f9-c8d6-46ad-a69b-6b79c208b963,artwork.mba,available,82,16,7,,,
acc95e0c-87f8-4509-b10e-dee3e4ea1887,artwork.me,sold,82,16,7,Dynadot Inc,02/08/2018 01:05,02/08/2026 01:05
3a1eb6f2-9025-446a-a19d-ec625afd58a2,artwork.media,resell,82,16,7,"Chengdu West Dimension Digital Technology Co., Ltd.",16/01/2021 23:16,16/01/2026 23:16
b8964be6-537a-4a72-8b78-0e58b016e888,artwork.melbourne,available,82,16,7,,,